date,rnum,rank,rankInten,rankOldAndNew,movieCd,movieNm,openDt,salesAmt,salesShare,salesInten,salesChange,salesAcc,audiCnt,audiInten,audiChange,audiAcc,scrnCnt,showCnt
20180101,1,1,0,OLD,20150976,신과함께-죄와 벌,2017-12-20,7715346100,52.9,-852842100,-10,76065860532,916689,-107270,-10.5,9456186,1644,7957
20180101,2,2,0,OLD,20170590,1987,2017-12-27,4460740100,30.6,-224343200,-4.8,19714744137,531520,-28526,-5.1,2473597,1097,4982
20180101,3,3,0,OLD,20170402,강철비,2017-12-14,944300600,6.5,-48744300,-4.9,32939230166,114310,-6536,-5.4,4128607,602,1451
20180101,4,4,0,OLD,20179462,위대한 쇼맨,2017-12-20,509959700,3.5,25360100,5.2,7166998900,60072,2404,4.2,874659,432,843
20180101,5,5,0,OLD,20174965,극장판 포켓몬스터 너로 정했다!,2017-12-21,262886500,1.8,-7375400,-2.7,3380416200,34103,-1037,-3,449358,417,605
20180101,6,6,0,OLD,20176082,몬스터 패밀리,2017-12-21,205793300,1.4,4588900,2.3,2737066000,26521,128,0.5,368151,342,463
20180101,7,7,0,OLD,20176947,원더,2017-12-27,158549600,1.1,-12511700,-7.3,790939300,19322,-1612,-7.7,101002,183,378
20180101,8,8,0,OLD,20174846,뽀로로 극장판 공룡섬 대모험,2017-12-07,109207600,0.7,60400,0.1,5958125200,13750,-3,0,787496,195,270
20180101,9,9,0,OLD,20177479,극장판 프리파라 모두의 동경♪ 렛츠고☆프리파리,2017-12-28,47882900,0.3,-4968200,-9.4,327731800,5940,-693,-10.4,42390,166,246
20180101,10,10,0,OLD,20170443,스타워즈: 라스트 제다이,2017-12-14,35090500,0.2,-4164800,-10.6,8570976561,3298,-357,-9.8,949845,35,42
20180102,1,1,0,OLD,20150976,신과함께-죄와 벌,2017-12-20,2205552800,44.5,-5509793300,-71.4,78271413332,294360,-622329,-67.9,9750546,1446,7019
20180102,2,2,0,OLD,20170590,1987,2017-12-27,1643446600,33.1,-2817293500,-63.2,21358190737,217249,-314271,-59.1,2690846,1063,5044
20180102,3,3,0,OLD,20170402,강철비,2017-12-14,358155600,7.2,-586145000,-62.1,33297385766,48123,-66187,-57.9,4176730,580,1541
20180102,4,4,0,OLD,20179462,위대한 쇼맨,2017-12-20,269267500,5.4,-240692200,-47.2,7436266400,35182,-24890,-41.4,909841,444,949
20180102,5,5,0,OLD,20174965,극장판 포켓몬스터 너로 정했다!,2017-12-21,123797500,2.5,-139089000,-52.9,3504213700,17929,-16174,-47.4,467287,371,510
20180102,6,6,0,OLD,20176082,몬스터 패밀리,2017-12-21,86870000,1.8,-118923300,-57.8,2823936000,12678,-13843,-52.2,380829,298,386
20180102,7,7,0,OLD,20176947,원더,2017-12-27,85593600,1.7,-72956000,-46,876532900,11397,-7925,-41,112399,173,512
20180102,8,8,0,OLD,20174846,뽀로로 극장판 공룡섬 대모험,2017-12-07,50359500,1.0,-58848100,-53.9,6008484700,7200,-6550,-47.6,794696,156,217
20180102,9,9,0,OLD,20177479,극장판 프리파라 모두의 동경♪ 렛츠고☆프리파리,2017-12-28,23536500,0.5,-24346400,-50.8,351268300,3305,-2635,-44.4,45695,148,225
20180102,10,10,0,OLD,20170443,스타워즈: 라스트 제다이,2017-12-14,38465000,0.8,3374500,9.6,8609441561,2914,-384,-11.6,952759,37,63
20180103,1,1,0,OLD,20150976,신과함께-죄와 벌,2017-12-20,1622679700,32.9,-582873100,-26.4,79894093032,215997,-78363,-26.6,9966543,1241,5724
20180103,2,2,0,OLD,20170590,1987,2017-12-27,1329406000,26.9,-314040600,-19.1,22687596737,174991,-42258,-19.5,2865837,964,4231
20180103,3,3,0,NEW,20171909,쥬만지: 새로운 세계,2018-01-03,946061400,19.2,946061400,100,967156400,124782,124782,100,127356,724,3110
20180103,4,4,0,NEW,20177104,페르디난드,2018-01-03,377633000,7.7,377633000,100,389883000,55644,55644,100,57302,496,956
20180103,5,5,-2,OLD,20170402,강철비,2017-12-14,216057300,4.4,-142098300,-39.7,33513443066,28596,-19527,-40.6,4205326,518,1225
20180103,6,6,-2,OLD,20179462,위대한 쇼맨,2017-12-20,197451900,4.0,-71815600,-26.7,7633718300,25851,-9331,-26.5,935692,366,833
20180103,7,7,-2,OLD,20174965,극장판 포켓몬스터 너로 정했다!,2017-12-21,48771800,1.0,-75025700,-60.6,3552985500,7052,-10877,-60.7,474339,153,178
20180103,8,8,-1,OLD,20176947,원더,2017-12-27,33562000,0.7,-52031600,-60.8,910094900,4560,-6837,-60,116959,128,258
20180103,9,9,-1,OLD,20174846,뽀로로 극장판 공룡섬 대모험,2017-12-07,27520000,0.6,-22839500,-45.4,6036004700,4024,-3176,-44.1,798720,87,111
20180103,10,10,-4,OLD,20176082,몬스터 패밀리,2017-12-21,23183700,0.5,-63686300,-73.3,2847119700,3466,-9212,-72.7,384295,98,105
20180104,1,1,0,OLD,20150976,신과함께-죄와 벌,2017-12-20,1629949600,34.5,7269900,0.4,81524042632,217041,1044,0.5,10183584,1227,5526
20180104,2,2,0,OLD,20170590,1987,2017-12-27,1240967300,26.2,-88438700,-6.7,23928564037,163434,-11557,-6.6,3029271,986,4260
20180104,3,3,0,OLD,20171909,쥬만지: 새로운 세계,2018-01-03,817357100,17.3,-128704300,-13.6,1784513500,107671,-17111,-13.7,235027,746,3108
20180104,4,4,0,OLD,20177104,페르디난드,2018-01-03,348750800,7.4,-28882200,-7.6,738633800,51463,-4181,-7.5,108765,578,1095
20180104,5,5,0,OLD,20170402,강철비,2017-12-14,193722700,4.1,-22334600,-10.3,33707165766,25612,-2984,-10.4,4230938,502,1126
20180104,6,6,0,OLD,20179462,위대한 쇼맨,2017-12-20,186925500,4.0,-10526400,-5.3,7820643800,24109,-1742,-6.7,959801,348,792
20180104,7,7,44,OLD,20161872,너의 이름은.,2017-01-04,96383800,2.0,96114300,35663.9,29663588456,13070,13038,40743.8,3687464,115,206
20180104,8,8,-1,OLD,20174965,극장판 포켓몬스터 너로 정했다!,2017-12-21,38617200,0.8,-10154600,-20.8,3591602700,5566,-1486,-21.1,479905,137,154
20180104,9,9,-1,OLD,20176947,원더,2017-12-27,38756100,0.8,5194100,15.5,948851000,5228,668,14.6,122187,143,282
20180104,10,10,-1,OLD,20174846,뽀로로 극장판 공룡섬 대모험,2017-12-07,23784900,0.5,-3735100,-13.6,6059789600,3558,-466,-11.6,802278,87,110
20180105,1,1,0,OLD,20150976,신과함께-죄와 벌,2017-12-20,2251518243,36.4,621568643,38.1,83775560875,268190,51149,23.6,10451774,1211,5497
20180105,2,2,0,OLD,20170590,1987,2017-12-27,1708118697,27.6,467151397,37.6,25636682734,202194,38760,23.7,3231465,1012,4456
20180105,3,3,0,OLD,20171909,쥬만지: 새로운 세계,2018-01-03,1142337080,18.5,324979980,39.8,2926850580,135352,27681,25.7,370379,750,3200
20180105,4,4,0,OLD,20177104,페르디난드,2018-01-03,363742300,5.9,14991500,4.3,1102376100,48430,-3033,-5.9,157195,631,1244
20180105,5,5,1,OLD,20179462,위대한 쇼맨,2017-12-20,242077900,3.9,55152400,29.5,8062721700,28042,3933,16.3,987843,346,799
20180105,6,6,-1,OLD,20170402,강철비,2017-12-14,228568100,3.7,34845400,18,33935733866,27292,1680,6.6,4258230,495,1081
20180105,7,7,2,OLD,20176947,원더,2017-12-27,49733777,0.8,10977677,28.3,998584777,5943,715,13.7,128130,157,297
20180105,8,8,-1,OLD,20161872,너의 이름은.,2017-01-04,45987700,0.7,-50396100,-52.3,29709576156,5519,-7551,-57.8,3692983,121,211
20180105,9,9,-1,OLD,20174965,극장판 포켓몬스터 너로 정했다!,2017-12-21,33076900,0.5,-5540300,-14.3,3624679600,4230,-1336,-24,484135,140,156
20180105,10,10,0,OLD,20174846,뽀로로 극장판 공룡섬 대모험,2017-12-07,23795500,0.4,10600,0,6083585100,3202,-356,-10,805480,93,115
20180106,1,1,0,OLD,20150976,신과함께-죄와 벌,2017-12-20,4605381262,37.0,2353863019,104.5,88380942137,548356,280166,104.5,11000130,1260,5536
20180106,2,2,0,OLD,20170590,1987,2017-12-27,3672277298,29.5,1964158601,115,29308960032,436764,234570,116,3668229,1094,4812
20180106,3,3,0,OLD,20171909,쥬만지: 새로운 세계,2018-01-03,2271381970,18.2,1129044890,98.8,5198232550,268769,133417,98.6,639148,780,3195
20180106,4,4,0,OLD,20177104,페르디난드,2018-01-03,765138800,6.1,401396500,110.4,1867514900,100208,51778,106.9,257403,698,1595
20180106,5,5,1,OLD,20170402,강철비,2017-12-14,410684600,3.3,182116500,79.7,34346418466,49258,21966,80.5,4307488,457,943
20180106,6,6,-1,OLD,20179462,위대한 쇼맨,2017-12-20,378607600,3.0,136529700,56.4,8441329300,43965,15923,56.8,1031808,353,751
20180106,7,7,0,OLD,20176947,원더,2017-12-27,83831368,0.7,34097591,68.6,1082416145,10001,4058,68.3,138131,144,261
20180106,8,8,1,OLD,20174965,극장판 포켓몬스터 너로 정했다!,2017-12-21,54769000,0.4,21692100,65.6,3679448600,7139,2909,68.8,491274,159,198
20180106,9,9,-1,OLD,20161872,너의 이름은.,2017-01-04,51849300,0.4,5861600,12.7,29761425456,6225,706,12.8,3699208,120,197
20180106,10,10,0,OLD,20174846,뽀로로 극장판 공룡섬 대모험,2017-12-07,29661900,0.2,5866400,24.7,6113247000,3725,523,16.3,809205,93,107
20180107,1,1,0,OLD,20150976,신과함께-죄와 벌,2017-12-20,4191360200,35.9,-414021062,-9,92572302337,502259,-46097,-8.4,11502389,1258,5464
20180107,2,2,0,OLD,20170590,1987,2017-12-27,3539272900,30.3,-133004398,-3.6,32848232932,421162,-15602,-3.6,4089391,1067,4738
20180107,3,3,0,OLD,20171909,쥬만지: 새로운 세계,2018-01-03,2144238100,18.4,-127143870,-5.6,7342470650,255408,-13361,-5,894556,791,3162
20180107,4,4,0,OLD,20177104,페르디난드,2018-01-03,758165400,6.5,-6973400,-0.9,2625680300,98378,-1830,-1.8,355781,689,1549
20180107,5,5,0,OLD,20170402,강철비,2017-12-14,359118000,3.1,-51566600,-12.6,34705536466,43259,-5999,-12.2,4350747,449,914
20180107,6,6,0,OLD,20179462,위대한 쇼맨,2017-12-20,345798300,3.0,-32809300,-8.7,8787127600,40085,-3880,-8.8,1071893,352,746
20180107,7,7,0,OLD,20176947,원더,2017-12-27,80570100,0.7,-3261268,-3.9,1162986245,9554,-447,-4.5,147685,142,259
20180107,8,8,0,OLD,20174965,극장판 포켓몬스터 너로 정했다!,2017-12-21,56346900,0.5,1577900,2.9,3735795500,7256,117,1.6,498530,151,190
20180107,9,9,0,OLD,20161872,너의 이름은.,2017-01-04,50288700,0.4,-1560600,-3,29811714156,6018,-207,-3.3,3705226,116,189
20180107,10,10,0,OLD,20174846,뽀로로 극장판 공룡섬 대모험,2017-12-07,27623300,0.2,-2038600,-6.9,6140870300,3472,-253,-6.8,812677,89,101
20180108,1,1,1,OLD,20170590,1987,2017-12-27,1368451800,34.6,-2170821100,-61.3,34216684732,179977,-241185,-57.3,4269368,1012,4545
20180108,2,2,-1,OLD,20150976,신과함께-죄와 벌,2017-12-20,1307221900,33.1,-2884138300,-68.8,93879524237,174362,-327897,-65.3,11676751,1171,5192
20180108,3,3,0,OLD,20171909,쥬만지: 새로운 세계,2018-01-03,661779400,16.8,-1482458700,-69.1,8004250050,86325,-169083,-66.2,980881,729,3111
20180108,4,4,0,OLD,20177104,페르디난드,2018-01-03,174757200,4.4,-583408200,-76.9,2800437500,25711,-72667,-73.9,381492,568,1253
20180108,5,5,1,OLD,20179462,위대한 쇼맨,2017-12-20,165805900,4.2,-179992400,-52.1,8952933500,21194,-18891,-47.1,1093087,368,818
20180108,6,6,-1,OLD,20170402,강철비,2017-12-14,132094200,3.3,-227023800,-63.2,34837630666,17562,-25697,-59.4,4368309,454,1001
20180108,7,7,0,OLD,20176947,원더,2017-12-27,34154000,0.9,-46416100,-57.6,1197140245,4544,-5010,-52.4,152229,149,284
20180108,8,8,0,OLD,20174965,극장판 포켓몬스터 너로 정했다!,2017-12-21,15242500,0.4,-41104400,-72.9,3751038000,2176,-5080,-70,500706,129,154
20180108,9,9,0,NEW,20179985,코코,2018-01-11,18230000,0.5,18230000,100,83306000,2110,2110,100,8307,9,9
20180108,10,10,0,OLD,20174846,뽀로로 극장판 공룡섬 대모험,2017-12-07,7463000,0.2,-20160300,-73,6148333300,1115,-2357,-67.9,813792,74,83
20180109,1,1,0,OLD,20170590,1987,2017-12-27,1333201300,35.7,-35250500,-2.6,35549886032,175795,-4182,-2.3,4445163,1052,4598
20180109,2,2,0,OLD,20150976,신과함께-죄와 벌,2017-12-20,1165847200,31.2,-141374700,-10.8,95045371437,156347,-18015,-10.3,11833098,1182,5155
20180109,3,3,0,OLD,20171909,쥬만지: 새로운 세계,2018-01-03,614759100,16.5,-47020300,-7.1,8619009150,80591,-5734,-6.6,1061472,736,3085
20180109,4,4,0,OLD,20177104,페르디난드,2018-01-03,180347700,4.8,5590500,3.2,2980785200,26788,1077,4.2,408280,566,1225
20180109,5,5,0,OLD,20179462,위대한 쇼맨,2017-12-20,165811700,4.4,5800,0,9118745200,21217,23,0.1,1114304,371,806
20180109,6,6,0,OLD,20170402,강철비,2017-12-14,122211800,3.3,-9882400,-7.5,34959842466,16294,-1268,-7.2,4384603,450,972
20180109,7,7,0,OLD,20176947,원더,2017-12-27,34367000,0.9,213000,0.6,1231507245,4588,44,1,156817,149,275
20180109,8,8,3,OLD,20161872,너의 이름은.,2017-01-04,17711900,0.5,9512400,116,29837625556,2591,1491,135.5,3708917,78,104
20180109,9,9,-1,OLD,20174965,극장판 포켓몬스터 너로 정했다!,2017-12-21,15103500,0.4,-139000,-0.9,3766141500,2191,15,0.7,502897,132,157
20180109,10,10,0,OLD,20174846,뽀로로 극장판 공룡섬 대모험,2017-12-07,8105500,0.2,642500,8.6,6156438800,1261,146,13.1,815053,81,88
20180110,1,1,0,OLD,20170590,1987,2017-12-27,1264934200,35.6,-68267100,-5.1,36814820232,166737,-9058,-5.2,4611900,1080,4666
20180110,2,2,0,OLD,20150976,신과함께-죄와 벌,2017-12-20,1061504000,29.9,-104343200,-8.9,96106875437,141830,-14517,-9.3,11974928,1170,5039
20180110,3,3,0,OLD,20171909,쥬만지: 새로운 세계,2018-01-03,569717000,16.0,-45042100,-7.3,9188726150,73997,-6594,-8.2,1135469,715,3032
20180110,4,4,0,OLD,20177104,페르디난드,2018-01-03,156668300,4.4,-23679400,-13.1,3137453500,23334,-3454,-12.9,431614,534,1161
20180110,5,5,0,OLD,20179462,위대한 쇼맨,2017-12-20,176585700,5.0,10774000,6.5,9295330900,22621,1404,6.6,1136925,377,832
20180110,6,6,0,OLD,20170402,강철비,2017-12-14,114744300,3.2,-7467500,-6.1,35074586766,15391,-903,-5.5,4399994,451,938
20180110,7,7,0,NEW,20176104,그것만이 내 세상,2018-01-17,51407000,1.4,51407000,100,71575000,6307,6307,100,8566,34,35
20180110,8,8,-1,OLD,20176947,원더,2017-12-27,34303300,1.0,-63700,-0.2,1265810545,4525,-63,-1.4,161342,149,280
20180110,9,9,0,OLD,20174965,극장판 포켓몬스터 너로 정했다!,2017-12-21,13746200,0.4,-1357300,-9,3779887700,1986,-205,-9.4,504883,125,145
20180110,10,10,8,OLD,20179985,코코,2018-01-11,22528700,0.6,17128700,317.2,111234700,1973,1523,338.4,10730,17,17
20180111,1,1,0,OLD,20170590,1987,2017-12-27,1097949600,28.0,-166984600,-13.2,37912769832,143897,-22840,-13.7,4755797,957,3840
20180111,2,2,0,OLD,20150976,신과함께-죄와 벌,2017-12-20,926874200,23.7,-134629800,-12.7,97033749637,123573,-18257,-12.9,12098501,891,3514
20180111,3,3,7,OLD,20179985,코코,2018-01-11,801853900,20.5,779325200,3459.3,913088600,106921,104948,5319.2,117651,937,3329
20180111,4,4,-1,OLD,20171909,쥬만지: 새로운 세계,2018-01-03,423587900,10.8,-146129100,-25.6,9612314050,55686,-18311,-24.7,1191155,586,1963
20180111,5,5,0,NEW,20173547,다운사이징,2018-01-11,247341600,6.3,247341600,100,253960100,32562,32562,100,33321,511,1657
20180111,6,6,-1,OLD,20179462,위대한 쇼맨,2017-12-20,91539000,2.3,-85046700,-48.2,9386869900,11648,-10973,-48.5,1148573,203,362
20180111,7,7,-3,OLD,20177104,페르디난드,2018-01-03,69261600,1.8,-87406700,-55.8,3206715100,10633,-12701,-54.4,442247,325,466
20180111,8,8,26,OLD,20177602,"쏘아올린 불꽃, 밑에서 볼까? 옆에서 볼까?",2018-01-11,60159600,1.5,58933800,4807.8,63129400,8183,8028,5179.4,8556,390,910
20180111,9,9,-3,OLD,20170402,강철비,2017-12-14,40684000,1.0,-74060300,-64.5,35115270766,5400,-9991,-64.9,4405394,186,292
20180111,10,10,0,NEW,20179286,하이큐!! 콘셉트의 싸움,2018-01-11,27030500,0.7,27030500,100,27030500,3869,3869,100,3869,97,174
20180112,1,1,0,OLD,20170590,1987,2017-12-27,1589846454,31.7,491896854,44.8,39502616286,186221,42324,29.4,4942018,995,4045
20180112,2,2,0,OLD,20150976,신과함께-죄와 벌,2017-12-20,1231178700,24.6,304304500,32.8,98264928337,146496,22923,18.6,12244997,920,3623
20180112,3,3,0,OLD,20179985,코코,2018-01-11,955617405,19.1,153763505,19.2,1868706005,114582,7661,7.2,232233,978,3456
20180112,4,4,0,OLD,20171909,쥬만지: 새로운 세계,2018-01-03,555698541,11.1,132110641,31.2,10168012591,65832,10146,18.2,1256987,622,1991
20180112,5,5,0,OLD,20173547,다운사이징,2018-01-11,215765695,4.3,-31575905,-12.8,469725795,25172,-7390,-22.7,58493,506,1542
20180112,6,6,0,OLD,20179462,위대한 쇼맨,2017-12-20,131578400,2.6,40039400,43.7,9518448300,15055,3407,29.2,1163628,224,408
20180112,7,7,0,OLD,20177104,페르디난드,2018-01-03,74082100,1.5,4820500,7,3280797200,10533,-100,-0.9,452780,332,462
20180112,8,8,1,OLD,20170402,강철비,2017-12-14,58631900,1.2,17947900,44.1,35173902666,7118,1718,31.8,4412512,198,299
20180112,9,9,-1,OLD,20177602,"쏘아올린 불꽃, 밑에서 볼까? 옆에서 볼까?",2018-01-11,37096700,0.7,-23062900,-38.3,100226100,4517,-3666,-44.8,13073,363,752
20180112,10,10,1,OLD,20176947,원더,2017-12-27,29332100,0.6,3008100,11.4,1321466645,3457,-19,-0.5,168275,94,177
20180113,1,1,0,OLD,20170590,1987,2017-12-27,3681165059,33.6,2091318605,131.5,43183781345,434063,247842,133.1,5376081,1103,4584
20180113,2,2,0,OLD,20150976,신과함께-죄와 벌,2017-12-20,2606141100,23.8,1374962400,111.7,100871069437,310307,163811,111.8,12555304,984,3720
20180113,3,3,0,OLD,20179985,코코,2018-01-11,2552045991,23.3,1596428586,167.1,4420751996,306184,191602,167.2,538417,1163,4065
20180113,4,4,0,OLD,20171909,쥬만지: 새로운 세계,2018-01-03,1113103350,10.2,557404809,100.3,11281115941,133384,67552,102.6,1390371,662,2044
20180113,5,5,0,OLD,20173547,다운사이징,2018-01-11,324070909,3.0,108305214,50.2,793796704,37645,12473,49.6,96138,480,1244
20180113,6,6,0,OLD,20179462,위대한 쇼맨,2017-12-20,215064700,2.0,83486300,63.4,9733513000,24602,9547,63.4,1188230,222,411
20180113,7,7,0,OLD,20177104,페르디난드,2018-01-03,161611700,1.5,87529600,118.2,3442408900,21373,10840,102.9,474153,343,487
20180113,8,8,0,OLD,20170402,강철비,2017-12-14,107703300,1.0,49071400,83.7,35281605966,12962,5844,82.1,4425474,174,267
20180113,9,9,1,OLD,20176947,원더,2017-12-27,52706200,0.5,23374100,79.7,1374172845,6175,2718,78.6,174450,93,168
20180113,10,10,-1,OLD,20177602,"쏘아올린 불꽃, 밑에서 볼까? 옆에서 볼까?",2018-01-11,37938100,0.3,841400,2.3,138164200,4734,217,4.8,17807,352,517
20180114,1,1,0,OLD,20170590,1987,2017-12-27,3462113600,33.2,-219051459,-6,46645894945,410882,-23181,-5.3,5786963,1122,4516
20180114,2,2,1,OLD,20179985,코코,2018-01-11,2586034700,24.8,33988709,1.3,7006786696,311570,5386,1.8,849987,1177,4030
20180114,3,3,-1,OLD,20150976,신과함께-죄와 벌,2017-12-20,2416524300,23.2,-189616800,-7.3,103287593737,288913,-21394,-6.9,12844217,985,3641
20180114,4,4,0,OLD,20171909,쥬만지: 새로운 세계,2018-01-03,1071986200,10.3,-41117150,-3.7,12353102141,128642,-4742,-3.6,1519013,677,2032
20180114,5,5,0,OLD,20173547,다운사이징,2018-01-11,253603500,2.4,-70467409,-21.7,1047400204,29295,-8350,-22.2,125433,456,1110
20180114,6,6,0,OLD,20179462,위대한 쇼맨,2017-12-20,201040900,1.9,-14023800,-6.5,9934553900,23253,-1349,-5.5,1211483,232,420
20180114,7,7,0,OLD,20177104,페르디난드,2018-01-03,166718000,1.6,5106300,3.2,3609126900,21862,489,2.3,496015,341,481
20180114,8,8,0,OLD,20170402,강철비,2017-12-14,89073700,0.9,-18629600,-17.3,35370679666,10776,-2186,-16.9,4436250,170,259
20180114,9,9,0,OLD,20176947,원더,2017-12-27,46197200,0.4,-6509000,-12.3,1420370045,5378,-797,-12.9,179828,88,164
20180114,10,10,0,OLD,20177602,"쏘아올린 불꽃, 밑에서 볼까? 옆에서 볼까?",2018-01-11,33934200,0.3,-4003900,-10.6,172098400,4244,-490,-10.4,22051,321,449
20180115,1,1,0,OLD,20170590,1987,2017-12-27,978581700,30.5,-2483531900,-71.7,47624476645,128997,-281885,-68.6,5915960,1015,4222
20180115,2,2,0,OLD,20179985,코코,2018-01-11,796652800,24.8,-1789381900,-69.2,7803439496,105194,-206376,-66.2,955181,1000,3563
20180115,3,3,0,OLD,20150976,신과함께-죄와 벌,2017-12-20,747381200,23.3,-1669143100,-69.1,104034974937,100000,-188913,-65.4,12944217,910,3501
20180115,4,4,0,OLD,20171909,쥬만지: 새로운 세계,2018-01-03,327245750,10.2,-744740450,-69.5,12680347891,42915,-85727,-66.6,1561928,618,1995
20180115,5,5,1,OLD,20179462,위대한 쇼맨,2017-12-20,106900300,3.3,-94140600,-46.8,10041454200,13580,-9673,-41.6,1225063,237,454
20180115,6,6,-1,OLD,20173547,다운사이징,2018-01-11,81037900,2.5,-172565600,-68,1128438104,10623,-18672,-63.7,136056,451,1132
20180115,7,7,0,OLD,20177104,페르디난드,2018-01-03,34215800,1.1,-132502200,-79.5,3643342700,5214,-16648,-76.2,501229,299,412
20180115,8,8,0,OLD,20170402,강철비,2017-12-14,36320100,1.1,-52753600,-59.2,35406999766,4808,-5968,-55.4,4441058,181,290
20180115,9,9,0,OLD,20176947,원더,2017-12-27,20793800,0.6,-25403400,-55,1441163845,2777,-2601,-48.4,182605,95,190
20180115,10,10,0,NEW,20176104,그것만이 내 세상,2018-01-17,21013000,0.7,21013000,100,122214000,2357,2357,100,14364,12,12
20180116,1,1,0,OLD,20170590,1987,2017-12-27,877919500,27.4,-100662200,-10.3,48502396145,116339,-12658,-9.8,6032299,1042,4239
20180116,2,2,0,OLD,20179985,코코,2018-01-11,850404700,26.5,53751900,6.7,8653844196,114778,9584,9.1,1069959,1009,3557
20180116,3,3,0,OLD,20150976,신과함께-죄와 벌,2017-12-20,700064700,21.8,-47316500,-6.3,104735039637,95401,-4599,-4.6,13039618,948,3493
20180116,4,4,0,OLD,20171909,쥬만지: 새로운 세계,2018-01-03,304740700,9.5,-22505050,-6.9,12985088591,40362,-2553,-5.9,1602290,632,1975
20180116,5,5,0,OLD,20179462,위대한 쇼맨,2017-12-20,114508300,3.6,7608000,7.1,10155962500,14645,1065,7.8,1239708,234,459
20180116,6,6,0,OLD,20173547,다운사이징,2018-01-11,65347500,2.0,-15690400,-19.4,1193785604,8635,-1988,-18.7,144691,442,1052
20180116,7,7,3,OLD,20176104,그것만이 내 세상,2018-01-17,78678700,2.5,57665700,274.4,200892700,8343,5986,254,22707,55,55
20180116,8,8,-1,OLD,20177104,페르디난드,2018-01-03,48112200,1.5,13896400,40.6,3691454900,7477,2263,43.4,508706,318,434
20180116,9,9,-1,OLD,20170402,강철비,2017-12-14,32225100,1.0,-4095000,-11.3,35439224866,4348,-460,-9.6,4445406,180,289
20180116,10,10,-1,OLD,20176947,원더,2017-12-27,21651400,0.7,857600,4.1,1462815245,2862,85,3.1,185467,89,182
20180117,1,1,12,OLD,20175054,메이즈 러너: 데스 큐어,2018-01-17,1752996100,36.2,1735693100,10031.2,1811104400,225512,224277,18160.1,230473,919,3807
20180117,2,2,5,OLD,20176104,그것만이 내 세상,2018-01-17,964523300,19.9,885844600,1125.9,1165416000,126797,118454,1419.8,149504,825,3491
20180117,3,3,-2,OLD,20170590,1987,2017-12-27,688826800,14.2,-189092700,-21.5,49191222945,90628,-25711,-22.1,6122927,755,2901
20180117,4,4,-2,OLD,20179985,코코,2018-01-11,592830600,12.3,-257574100,-30.3,9246674796,82114,-32664,-28.5,1152073,742,2078
20180117,5,5,-2,OLD,20150976,신과함께-죄와 벌,2017-12-20,530129300,11.0,-169935400,-24.3,105265168937,71181,-24220,-25.4,13110799,619,2143
20180117,6,6,-2,OLD,20171909,쥬만지: 새로운 세계,2018-01-03,106959100,2.2,-197781600,-64.9,13092047691,14390,-25972,-64.3,1616680,388,755
20180117,7,7,-2,OLD,20179462,위대한 쇼맨,2017-12-20,50769300,1.0,-63739000,-55.7,10206731800,6509,-8136,-55.6,1246217,108,171
20180117,8,8,2,OLD,20176947,원더,2017-12-27,25969200,0.5,4317800,19.9,1488784445,3509,647,22.6,188976,67,144
20180117,9,9,-1,OLD,20177104,페르디난드,2018-01-03,21073500,0.4,-27038700,-56.2,3712528400,3476,-4001,-53.5,512182,95,115
20180117,10,10,8,OLD,20178228,다키스트 아워,2018-01-17,12944000,0.3,9742000,304.2,20694000,1796,1292,256.3,2902,217,349
20180118,1,1,0,OLD,20175054,메이즈 러너: 데스 큐어,2018-01-17,1299525600,30.3,-453470500,-25.9,3110630000,166420,-59092,-26.2,396893,979,3973
20180118,2,2,0,OLD,20176104,그것만이 내 세상,2018-01-17,856045100,20.0,-108478200,-11.2,2021461100,112992,-13805,-10.9,262496,833,3455
20180118,3,3,1,OLD,20179985,코코,2018-01-11,612011200,14.3,19180600,3.2,9858685996,85272,3158,3.8,1237345,753,2051
20180118,4,4,-1,OLD,20170590,1987,2017-12-27,607847400,14.2,-80979400,-11.8,49799070345,80291,-10337,-11.4,6203218,745,2833
20180118,5,5,0,OLD,20150976,신과함께-죄와 벌,2017-12-20,507995300,11.9,-22134000,-4.2,105773164237,68978,-2203,-3.1,13179777,645,2126
20180118,6,6,0,OLD,20171909,쥬만지: 새로운 세계,2018-01-03,95688400,2.2,-11270700,-10.5,13187736091,13139,-1251,-8.7,1629819,398,721
20180118,7,7,0,NEW,20189525,젝스키스 에이틴,2018-01-18,49236400,1.1,49236400,100,69957200,6765,6765,100,9057,25,70
20180118,8,8,-1,OLD,20179462,위대한 쇼맨,2017-12-20,45546600,1.1,-5222700,-10.3,10252278400,5824,-685,-10.5,1252041,108,156
20180118,9,9,0,NEW,20178808,주문은 토끼입니까?? ~디어 마이 시스터~,2018-01-18,40877500,1.0,40877500,100,48851500,5773,5773,100,6659,79,139
20180118,10,10,16,OLD,20173662,리틀 뱀파이어,2018-01-18,17487300,0.4,15600300,826.7,25102300,2646,2393,945.8,3615,192,223
20180119,1,1,0,OLD,20175054,메이즈 러너: 데스 큐어,2018-01-17,1563386480,30.0,263860880,20.3,4674016480,181349,14929,9,578242,1020,4251
20180119,2,2,0,OLD,20176104,그것만이 내 세상,2018-01-17,1089467942,20.9,233422842,27.3,3110929042,129275,16283,14.4,391771,825,3471
20180119,3,3,0,OLD,20179985,코코,2018-01-11,783484420,15.0,171473220,28,10642170416,98539,13267,15.6,1335884,766,2185
20180119,4,4,0,OLD,20170590,1987,2017-12-27,778167200,14.9,170319800,28,50577237545,91395,11104,13.8,6294613,745,2842
20180119,5,5,0,OLD,20150976,신과함께-죄와 벌,2017-12-20,634859200,12.2,126863900,25,106408023437,76062,7084,10.3,13255839,645,2129
20180119,6,6,0,OLD,20171909,쥬만지: 새로운 세계,2018-01-03,103889538,2.0,8201138,8.6,13291625629,12593,-546,-4.2,1642412,372,675
20180119,7,7,1,OLD,20179462,위대한 쇼맨,2017-12-20,61479700,1.2,15933100,35,10313758100,7073,1249,21.4,1259114,113,182
20180119,8,8,-1,OLD,20189525,젝스키스 에이틴,2018-01-18,31269700,0.6,-17966700,-36.5,101226900,4228,-2537,-37.5,13285,25,71
20180119,9,9,5,OLD,20176947,원더,2017-12-27,23207100,0.4,7976300,52.4,1527222345,3202,1080,50.9,194300,56,112
20180119,10,10,0,OLD,20173662,리틀 뱀파이어,2018-01-18,18491700,0.4,1004400,5.7,43594000,2529,-117,-4.4,6144,193,223
20180120,1,1,0,OLD,20175054,메이즈 러너: 데스 큐어,2018-01-17,3159335883,29.4,1595949403,102.1,7833352363,366726,185377,102.2,944968,1090,4633
20180120,2,2,0,OLD,20176104,그것만이 내 세상,2018-01-17,2185659448,20.4,1096191506,100.6,5296588490,259766,130491,100.9,651537,856,3490
20180120,3,3,0,OLD,20179985,코코,2018-01-11,1890180317,17.6,1106695897,141.3,12532350733,235545,137006,139,1571429,927,2713
20180120,4,4,0,OLD,20170590,1987,2017-12-27,1684097000,15.7,905929800,116.4,52261334545,198201,106806,116.9,6492814,714,2744
20180120,5,5,0,OLD,20150976,신과함께-죄와 벌,2017-12-20,1249732800,11.6,614873600,96.9,107657756237,149487,73425,96.5,13405326,650,2127
20180120,6,6,0,OLD,20171909,쥬만지: 새로운 세계,2018-01-03,185555435,1.7,81665897,78.6,13477181064,22832,10239,81.3,1665244,340,540
20180120,7,7,0,OLD,20179462,위대한 쇼맨,2017-12-20,95174200,0.9,33694500,54.8,10408932300,10982,3909,55.3,1270096,121,198
20180120,8,8,1,OLD,20176947,원더,2017-12-27,39304800,0.4,16097700,69.4,1566527145,5346,2144,67,199646,58,112
20180120,9,9,1,OLD,20173662,리틀 뱀파이어,2018-01-18,37994300,0.4,19502600,105.5,81588300,5080,2551,100.9,11224,211,249
20180120,10,10,-2,OLD,20189525,젝스키스 에이틴,2018-01-18,34787700,0.3,3518000,11.3,136014600,4365,137,3.2,17650,24,64
20180121,1,1,0,OLD,20175054,메이즈 러너: 데스 큐어,2018-01-17,2748605500,27.7,-410730383,-13,10581957863,321000,-45726,-12.5,1265968,1061,4430
20180121,2,2,0,OLD,20176104,그것만이 내 세상,2018-01-17,2183109200,22.0,-2550248,-0.1,7479697690,258839,-927,-0.4,910376,861,3423
20180121,3,3,0,OLD,20179985,코코,2018-01-11,1865848100,18.8,-24332217,-1.3,14398198833,231613,-3932,-1.7,1803042,971,2818
20180121,4,4,0,OLD,20170590,1987,2017-12-27,1478376200,14.9,-205720800,-12.2,53739710745,175486,-22715,-11.5,6668300,708,2642
20180121,5,5,0,OLD,20150976,신과함께-죄와 벌,2017-12-20,1143060400,11.5,-106672400,-8.5,108800816637,136973,-12514,-8.4,13542299,634,2051
20180121,6,6,0,OLD,20171909,쥬만지: 새로운 세계,2018-01-03,159587800,1.6,-25967635,-14,13636768864,19430,-3402,-14.9,1684674,325,502
20180121,7,7,0,OLD,20179462,위대한 쇼맨,2017-12-20,90213100,0.9,-4961100,-5.2,10499145400,10385,-597,-5.4,1280481,121,201
20180121,8,8,1,OLD,20173662,리틀 뱀파이어,2018-01-18,40294500,0.4,2300200,6.1,121882800,5252,172,3.4,16476,213,251
20180121,9,9,-1,OLD,20176947,원더,2017-12-27,37560900,0.4,-1743900,-4.4,1604088045,5128,-218,-4.1,204774,54,108
20180121,10,10,0,OLD,20189525,젝스키스 에이틴,2018-01-18,26122000,0.3,-8665700,-24.9,162136600,3400,-965,-22.1,21050,24,62
20180122,1,1,0,OLD,20175054,메이즈 러너: 데스 큐어,2018-01-17,802390400,26.3,-1946215100,-70.8,11384348263,102561,-218439,-68,1368529,971,4049
20180122,2,2,0,OLD,20176104,그것만이 내 세상,2018-01-17,770551400,25.2,-1412557800,-64.7,8250249090,100645,-158194,-61.1,1011021,843,3455
20180122,3,3,0,OLD,20179985,코코,2018-01-11,500954400,16.4,-1364893700,-73.2,14899153233,68326,-163287,-70.5,1871368,788,2395
20180122,4,4,0,OLD,20170590,1987,2017-12-27,395319700,12.9,-1083056500,-73.3,54135030445,52331,-123155,-70.2,6720631,689,2599
20180122,5,5,0,OLD,20150976,신과함께-죄와 벌,2017-12-20,373186800,12.2,-769873600,-67.4,109174003437,50149,-86824,-63.4,13592448,623,2034
20180122,6,6,0,OLD,20171909,쥬만지: 새로운 세계,2018-01-03,54509900,1.8,-105077900,-65.8,13691278764,7317,-12113,-62.3,1691991,321,552
20180122,7,7,0,OLD,20179462,위대한 쇼맨,2017-12-20,45560300,1.5,-44652800,-49.5,10544705700,5826,-4559,-43.9,1286307,135,216
20180122,8,8,1,OLD,20176947,원더,2017-12-27,16193100,0.5,-21367800,-56.9,1620281145,2489,-2639,-51.5,207263,58,120
20180122,9,9,1,OLD,20189525,젝스키스 에이틴,2018-01-18,14251200,0.5,-11870800,-45.4,176387800,2003,-1397,-41.1,23053,23,55
20180122,10,10,-2,OLD,20173662,리틀 뱀파이어,2018-01-18,10902500,0.4,-29392000,-72.9,132785300,1657,-3595,-68.5,18133,183,206
20180123,1,1,1,OLD,20176104,그것만이 내 세상,2018-01-17,787874300,25.8,17322900,2.2,9038123390,103234,2589,2.6,1114255,862,3485
20180123,2,2,-1,OLD,20175054,메이즈 러너: 데스 큐어,2018-01-17,721019000,23.6,-81371400,-10.1,12105367263,92064,-10497,-10.2,1460593,969,3981
20180123,3,3,0,OLD,20179985,코코,2018-01-11,527130900,17.2,26176500,5.2,15426284133,72957,4631,6.8,1944325,818,2385
20180123,4,4,1,OLD,20150976,신과함께-죄와 벌,2017-12-20,367788800,12.0,-5398000,-1.4,109541792237,49604,-545,-1.1,13642052,639,2033
20180123,5,5,-1,OLD,20170590,1987,2017-12-27,371015000,12.1,-24304700,-6.1,54506045445,49512,-2819,-5.4,6770143,688,2540
20180123,6,6,0,OLD,20171909,쥬만지: 새로운 세계,2018-01-03,56780500,1.9,2270600,4.2,13748059264,7734,417,5.7,1699725,318,536
20180123,7,7,0,OLD,20179462,위대한 쇼맨,2017-12-20,45317900,1.5,-242400,-0.5,10590023600,5879,53,0.9,1292186,144,225
20180123,8,8,0,NEW,20178230,커뮤터,2018-01-24,22727100,0.7,22727100,100,33730100,3035,3035,100,4670,25,25
20180123,9,9,-1,OLD,20176947,원더,2017-12-27,19414100,0.6,3221000,19.9,1639695245,3000,511,20.5,210263,62,118
20180123,10,10,0,OLD,20173662,리틀 뱀파이어,2018-01-18,15684800,0.5,4782300,43.9,148470100,2422,765,46.2,20555,194,213
20180124,1,1,0,OLD,20176104,그것만이 내 세상,2018-01-17,711603900,24.2,-76270400,-9.7,9749727290,92677,-10557,-10.2,1206932,754,3020
20180124,2,2,0,OLD,20175054,메이즈 러너: 데스 큐어,2018-01-17,545297200,18.6,-175721800,-24.4,12650664463,70060,-22004,-23.9,1530653,765,2902
20180124,3,3,0,OLD,20179985,코코,2018-01-11,455252200,15.5,-71878700,-13.6,15881536333,62595,-10362,-14.2,2006920,723,2144
20180124,4,4,0,OLD,20150976,신과함께-죄와 벌,2017-12-20,289826900,9.9,-77961900,-21.2,109831619137,39238,-10366,-20.9,13681290,550,1525
20180124,5,5,0,OLD,20170590,1987,2017-12-27,272188300,9.3,-98826700,-26.6,54778233745,35857,-13655,-27.6,6806000,547,1816
20180124,6,6,2,OLD,20178230,커뮤터,2018-01-24,265166800,9.0,242439700,1066.7,298896900,35006,31971,1053.4,39676,553,2593
20180124,7,7,0,NEW,20168161,1급기밀,2018-01-24,181680800,6.2,181680800,100,254414300,24259,24259,100,33298,440,1531
20180124,8,8,7,OLD,20177473,비밥바룰라,2018-01-24,64972100,2.2,54886100,544.2,81858100,8922,7683,620.1,10898,347,647
20180124,9,9,-2,OLD,20179462,위대한 쇼맨,2017-12-20,32218600,1.1,-13099300,-28.9,10622242200,4131,-1748,-29.7,1296317,106,165
20180124,10,10,-1,OLD,20176947,원더,2017-12-27,16029900,0.5,-3384200,-17.4,1655725145,2394,-606,-20.2,212657,57,113
20180125,1,1,0,OLD,20176104,그것만이 내 세상,2018-01-17,756474000,25.8,44870100,6.3,10506201290,98168,5491,5.9,1305100,791,3115
20180125,2,2,1,OLD,20179985,코코,2018-01-11,478703400,16.4,23451200,5.2,16360239733,65984,3389,5.4,2072904,751,2139
20180125,3,3,-1,OLD,20175054,메이즈 러너: 데스 큐어,2018-01-17,483345600,16.5,-61951600,-11.4,13134010063,61865,-8195,-11.7,1592518,728,2761
20180125,4,4,0,OLD,20150976,신과함께-죄와 벌,2017-12-20,274306900,9.4,-15520000,-5.4,110105926037,36902,-2336,-6,13718192,553,1473
20180125,5,5,0,OLD,20170590,1987,2017-12-27,249946400,8.5,-22241900,-8.2,55028180145,33264,-2593,-7.2,6839264,562,1706
20180125,6,6,0,OLD,20178230,커뮤터,2018-01-24,248825700,8.5,-16341100,-6.2,547722600,32942,-2064,-5.9,72618,543,2389
20180125,7,7,0,OLD,20168161,1급기밀,2018-01-24,164758500,5.6,-16922300,-9.3,419172800,21911,-2348,-9.7,55209,461,1465
20180125,8,8,0,OLD,20177473,비밥바룰라,2018-01-24,38644300,1.3,-26327800,-40.5,120502400,6087,-2835,-31.8,16985,347,648
20180125,9,9,18,OLD,20178444,극장판 레이디버그: 미라클스톤의 비밀,2018-01-25,25749500,0.9,23896500,1289.6,38636500,3801,3594,1736.2,5301,273,319
20180125,10,10,-1,OLD,20179462,위대한 쇼맨,2017-12-20,29050600,1.0,-3168000,-9.8,10651292800,3722,-409,-9.9,1300039,104,141
20180126,1,1,0,OLD,20176104,그것만이 내 세상,2018-01-17,992149124,27.3,235675124,31.2,11498350414,117046,18878,19.2,1422146,839,3349
20180126,2,2,0,OLD,20179985,코코,2018-01-11,611183147,16.8,132479747,27.7,16971422880,76138,10154,15.4,2149042,812,2315
20180126,3,3,0,OLD,20175054,메이즈 러너: 데스 큐어,2018-01-17,612339524,16.9,128993924,26.7,13746349587,71143,9278,15,1663661,729,2815
20180126,4,4,0,OLD,20150976,신과함께-죄와 벌,2017-12-20,354221700,9.8,79914800,29.1,110460147737,42080,5178,14,13760272,590,1577
20180126,5,5,0,OLD,20170590,1987,2017-12-27,313169100,8.6,63222700,25.3,55341349245,36987,3723,11.2,6876251,578,1733
20180126,6,6,0,OLD,20178230,커뮤터,2018-01-24,283711829,7.8,34886129,14,831434429,33446,504,1.5,106064,548,2157
20180126,7,7,0,OLD,20168161,1급기밀,2018-01-24,192769600,5.3,28011100,17,611942400,22959,1048,4.8,78168,474,1417
20180126,8,8,0,OLD,20177473,비밥바룰라,2018-01-24,35665100,1.0,-2979200,-7.7,156167500,5399,-688,-11.3,22384,325,560
20180126,9,9,1,OLD,20179462,위대한 쇼맨,2017-12-20,40341100,1.1,11290500,38.9,10691633900,4590,868,23.3,1304629,111,163
20180126,10,10,-1,OLD,20178444,극장판 레이디버그: 미라클스톤의 비밀,2018-01-25,19419200,0.5,-6330300,-24.6,58055700,2578,-1223,-32.2,7879,270,307
20180127,1,1,0,OLD,20176104,그것만이 내 세상,2018-01-17,2368328238,29.0,1376179114,138.7,13866678652,279710,162664,139,1701856,951,3844
20180127,2,2,0,OLD,20179985,코코,2018-01-11,1692409536,20.8,1081226389,176.9,18663832416,207865,131727,173,2356907,1025,3032
20180127,3,3,0,OLD,20175054,메이즈 러너: 데스 큐어,2018-01-17,1319709738,16.2,707370214,115.5,15066059325,153963,82820,116.4,1817624,771,2880
20180127,4,4,0,OLD,20150976,신과함께-죄와 벌,2017-12-20,797295300,9.8,443073600,125.1,111257443037,94386,52306,124.3,13854658,698,1820
20180127,5,5,0,OLD,20170590,1987,2017-12-27,656925300,8.1,343756200,109.8,55998274545,77436,40449,109.4,6953687,604,1666
20180127,6,6,0,OLD,20178230,커뮤터,2018-01-24,526717526,6.5,243005697,85.7,1358151955,62288,28842,86.2,168352,575,1763
20180127,7,7,0,OLD,20168161,1급기밀,2018-01-24,379919500,4.7,187149900,97.1,991861900,45379,22420,97.7,123547,511,1267
20180127,8,8,2,OLD,20178444,극장판 레이디버그: 미라클스톤의 비밀,2018-01-25,66615400,0.8,47196200,243,124671100,8720,6142,238.2,16599,296,383
20180127,9,9,0,OLD,20179462,위대한 쇼맨,2017-12-20,66695200,0.8,26354100,65.3,10758329100,7589,2999,65.3,1312218,103,166
20180127,10,10,-2,OLD,20177473,비밥바룰라,2018-01-24,45797300,0.6,10132200,28.4,201964800,5986,587,10.9,28370,310,475
20180128,1,1,0,OLD,20176104,그것만이 내 세상,2018-01-17,2334250100,30.2,-34078138,-1.4,16200928752,275942,-3768,-1.3,1977798,956,3803
20180128,2,2,0,OLD,20179985,코코,2018-01-11,1622452000,21.0,-69957536,-4.1,20286284416,199350,-8515,-4.1,2556257,1021,3007
20180128,3,3,0,OLD,20175054,메이즈 러너: 데스 큐어,2018-01-17,1162606400,15.1,-157103338,-11.9,16228665725,136109,-17854,-11.6,1953733,756,2769
20180128,4,4,0,OLD,20150976,신과함께-죄와 벌,2017-12-20,791371400,10.2,-5923900,-0.7,112048814437,93734,-652,-0.7,13948392,704,1810
20180128,5,5,0,OLD,20170590,1987,2017-12-27,610028100,7.9,-46897200,-7.1,56608302645,72382,-5054,-6.5,7026069,610,1615
20180128,6,6,0,OLD,20178230,커뮤터,2018-01-24,461268800,6.0,-65448726,-12.4,1819420755,54826,-7462,-12,223178,559,1637
20180128,7,7,0,OLD,20168161,1급기밀,2018-01-24,341523600,4.4,-38395900,-10.1,1333385500,40843,-4536,-10,164390,512,1219
20180128,8,8,0,OLD,20178444,극장판 레이디버그: 미라클스톤의 비밀,2018-01-25,73010100,0.9,6394700,9.6,197681200,9534,814,9.3,26133,305,392
20180128,9,9,0,OLD,20179462,위대한 쇼맨,2017-12-20,62031500,0.8,-4663700,-7,10820360600,7070,-519,-6.8,1319288,101,172
20180128,10,10,0,OLD,20177473,비밥바룰라,2018-01-24,43204100,0.6,-2593200,-5.7,245168900,6101,115,1.9,34471,303,460
20180129,1,1,0,OLD,20176104,그것만이 내 세상,2018-01-17,718243600,29.5,-1616006500,-69.2,16919172352,94157,-181785,-65.9,2071955,866,3574
20180129,2,2,0,OLD,20179985,코코,2018-01-11,406936600,16.7,-1215515400,-74.9,20693221016,54634,-144716,-72.6,2610891,796,2467
20180129,3,3,0,OLD,20175054,메이즈 러너: 데스 큐어,2018-01-17,351186900,14.4,-811419500,-69.8,16579852625,45377,-90732,-66.7,1999110,695,2612
20180129,4,4,0,OLD,20150976,신과함께-죄와 벌,2017-12-20,257512500,10.6,-533858900,-67.5,112306326937,34521,-59213,-63.2,13982913,616,1705
20180129,5,5,0,OLD,20170590,1987,2017-12-27,201175800,8.3,-408852300,-67,56809478445,26748,-45634,-63,7052817,577,1621
20180129,6,6,0,OLD,20178230,커뮤터,2018-01-24,146160100,6.0,-315108700,-68.3,1965580855,19287,-35539,-64.8,242465,521,1693
20180129,7,7,0,OLD,20168161,1급기밀,2018-01-24,119574100,4.9,-221949500,-65,1452959600,15994,-24849,-60.8,180384,479,1275
20180129,8,8,0,NEW,20179205,조선명탐정: 흡혈괴마의 비밀,2018-02-08,38781000,1.6,38781000,100,38781000,4906,4906,100,4906,20,20
20180129,9,9,0,OLD,20179462,위대한 쇼맨,2017-12-20,31852800,1.3,-30178700,-48.7,10852213400,4118,-2952,-41.8,1323406,113,184
20180129,10,10,0,OLD,20177473,비밥바룰라,2018-01-24,22214800,0.9,-20989300,-48.6,267383700,3800,-2301,-37.7,38271,291,468
20180130,1,1,0,OLD,20176104,그것만이 내 세상,2018-01-17,688320800,28.9,-29922800,-4.2,17607493152,91515,-2642,-2.8,2163470,884,3574
20180130,2,2,0,OLD,20179985,코코,2018-01-11,402263300,16.9,-4673300,-1.1,21095484316,55160,526,1,2666051,814,2475
20180130,3,3,0,OLD,20175054,메이즈 러너: 데스 큐어,2018-01-17,316549400,13.3,-34637500,-9.9,16896402025,41173,-4204,-9.3,2040283,693,2583
20180130,4,4,0,OLD,20150976,신과함께-죄와 벌,2017-12-20,250745800,10.5,-6766700,-2.6,112557072737,34197,-324,-0.9,14017110,626,1712
20180130,5,5,0,OLD,20170590,1987,2017-12-27,191723800,8.0,-9452000,-4.7,57001202245,25850,-898,-3.4,7078667,586,1611
20180130,6,6,0,OLD,20178230,커뮤터,2018-01-24,125105000,5.2,-21055100,-14.4,2090685855,16665,-2622,-13.6,259130,521,1633
20180130,7,7,0,OLD,20168161,1급기밀,2018-01-24,113258300,4.7,-6315800,-5.3,1566217900,15394,-600,-3.8,195778,482,1262
20180130,8,8,0,OLD,20179205,조선명탐정: 흡혈괴마의 비밀,2018-02-08,74910000,3.1,36129000,93.2,113691000,11673,6767,137.9,16579,72,72
20180130,9,9,0,OLD,20179462,위대한 쇼맨,2017-12-20,32930500,1.4,1077700,3.4,10885143900,4286,168,4.1,1327692,110,188
20180130,10,10,0,OLD,20177473,비밥바룰라,2018-01-24,19212500,0.8,-3002300,-13.5,286596200,2936,-864,-22.7,41207,304,470
20180131,1,1,18,OLD,20168323,염력,2018-01-31,1617261600,37.4,1609381600,20423.6,1677561600,264715,263730,26774.6,273296,1099,6347
20180131,2,2,-1,OLD,20176104,그것만이 내 세상,2018-01-17,721951500,16.7,33630700,4.9,18329444652,123038,31523,34.4,2286508,706,2774
20180131,3,3,0,NEW,20178126,인시디어스4: 라스트 키,2018-01-31,628858500,14.6,628858500,100,632072500,102996,102996,100,103374,601,2017
20180131,4,4,-2,OLD,20179985,코코,2018-01-11,411756400,9.5,9493100,2.4,21507240716,69621,14461,26.2,2735672,665,1785
20180131,5,5,-2,OLD,20175054,메이즈 러너: 데스 큐어,2018-01-17,238325100,5.5,-78224300,-24.7,17134727125,40704,-469,-1.1,2080987,502,1138
20180131,6,6,-2,OLD,20150976,신과함께-죄와 벌,2017-12-20,209579100,4.9,-41166700,-16.4,112766651837,34634,437,1.3,14051744,504,1095
20180131,7,7,8,OLD,20178395,12 솔져스,2018-01-31,159644500,3.7,150082400,1569.6,190916600,25712,24236,1642,29132,184,871
20180131,8,8,-3,OLD,20170590,1987,2017-12-27,133409100,3.1,-58314700,-30.4,57134611345,22463,-3387,-13.1,7101130,404,759
20180131,9,9,-3,OLD,20178230,커뮤터,2018-01-24,32034800,0.7,-93070200,-74.4,2122720655,5176,-11489,-68.9,264306,203,367
20180131,10,10,-3,OLD,20168161,1급기밀,2018-01-24,26619000,0.6,-86639300,-76.5,1592836900,4322,-11072,-71.9,200100,168,279
20180201,1,1,0,OLD,20168323,염력,2018-01-31,763126000,28.5,-854135600,-52.8,2440687600,101926,-162789,-61.5,375222,1053,6001
20180201,2,2,0,OLD,20176104,그것만이 내 세상,2018-01-17,486700800,18.2,-235250700,-32.6,18816145452,64567,-58471,-47.5,2351075,668,2666
20180201,3,3,0,OLD,20178126,인시디어스4: 라스트 키,2018-01-31,365393000,13.6,-263465500,-41.9,997465500,47745,-55251,-53.6,151119,632,2110
20180201,4,4,0,OLD,20179985,코코,2018-01-11,257535200,9.6,-154221200,-37.5,21764775916,34536,-35085,-50.4,2770208,602,1657
20180201,5,5,1,OLD,20150976,신과함께-죄와 벌,2017-12-20,145546100,5.4,-64033000,-30.6,112912197937,19625,-15009,-43.3,14071369,471,1006
20180201,6,6,-1,OLD,20175054,메이즈 러너: 데스 큐어,2018-01-17,149036500,5.6,-89288600,-37.5,17283763625,19624,-21080,-51.8,2100611,464,1003
20180201,7,7,0,OLD,20178395,12 솔져스,2018-01-31,115750400,4.3,-43894100,-27.5,306667000,14591,-11121,-43.3,43723,183,824
20180201,8,8,0,OLD,20170590,1987,2017-12-27,88140400,3.3,-45268700,-33.9,57222751745,11916,-10547,-47,7113046,384,668
20180201,9,9,12,OLD,20179228,마야2,2018-02-01,43195300,1.6,39035800,938.5,68220800,6242,5720,1095.8,9052,314,359
20180201,10,10,2,OLD,20179205,조선명탐정: 흡혈괴마의 비밀,2018-02-08,47239000,1.8,29024000,159.3,179145000,5787,2573,80.1,25580,34,34
20180202,1,1,0,OLD,20168323,염력,2018-01-31,862511977,26.8,99385977,13,3303199577,103337,1411,1.4,478559,1051,5721
20180202,2,2,0,OLD,20176104,그것만이 내 세상,2018-01-17,653966837,20.3,167266037,34.4,19470112289,78476,13909,21.5,2429551,746,2872
20180202,3,3,0,OLD,20178126,인시디어스4: 라스트 키,2018-01-31,431416480,13.4,66023480,18.1,1428881980,51261,3516,7.4,202380,674,2328
20180202,4,4,0,OLD,20179985,코코,2018-01-11,324029500,10.1,66494300,25.8,22088805416,39372,4836,14,2809580,649,1705
20180202,5,5,1,OLD,20175054,메이즈 러너: 데스 큐어,2018-01-17,195694743,6.1,46658243,31.3,17479458368,23569,3945,20.1,2124180,472,1031
20180202,6,6,-1,OLD,20150976,신과함께-죄와 벌,2017-12-20,195021900,6.1,49475800,34,113107219837,23286,3661,18.7,14094655,492,1050
20180202,7,7,0,OLD,20178395,12 솔져스,2018-01-31,148977700,4.6,33227300,28.7,455644700,17024,2433,16.7,60747,181,799
20180202,8,8,0,OLD,20170590,1987,2017-12-27,114417200,3.6,26276800,29.8,57337168945,13966,2050,17.2,7127012,401,685
20180202,9,9,2,OLD,20178469,올 더 머니,2018-02-01,53476200,1.7,12111000,29.3,116283400,6358,808,14.6,14601,260,436
20180202,10,10,-1,OLD,20179228,마야2,2018-02-01,31825700,1.0,-11369600,-26.3,100046500,4557,-1685,-27,13609,296,353
20180203,1,1,0,OLD,20168323,염력,2018-01-31,1716654380,24.7,854142403,99,5019853957,204079,100742,97.5,682638,946,5174
20180203,2,2,0,OLD,20176104,그것만이 내 세상,2018-01-17,1565487648,22.6,911520811,139.4,21035599937,186731,108255,137.9,2616282,855,3358
20180203,3,3,1,OLD,20179985,코코,2018-01-11,1002101600,14.4,678072100,209.3,23090907016,122757,83385,211.8,2932337,805,2146
20180203,4,4,-1,OLD,20178126,인시디어스4: 라스트 키,2018-01-31,747885384,10.8,316468904,73.4,2176767364,89019,37758,73.7,291399,769,2602
20180203,5,5,1,OLD,20150976,신과함께-죄와 벌,2017-12-20,442316400,6.4,247294500,126.8,113549536237,52378,29092,124.9,14147033,534,1150
20180203,6,6,-1,OLD,20175054,메이즈 러너: 데스 큐어,2018-01-17,364251536,5.2,168556793,86.1,17843709904,43638,20069,85.1,2167818,508,978
20180203,7,7,0,OLD,20178395,12 솔져스,2018-01-31,313153200,4.5,164175500,110.2,768797900,35409,18385,108,96156,198,777
20180203,8,8,0,OLD,20170590,1987,2017-12-27,209234700,3.0,94817500,82.9,57546403645,24901,10935,78.3,7151913,387,636
20180203,9,9,1,OLD,20179228,마야2,2018-02-01,156388400,2.3,124562700,391.4,256434900,20592,16035,351.9,34201,407,599
20180203,10,10,-1,OLD,20178469,올 더 머니,2018-02-01,91658400,1.3,38182200,71.4,207941800,10742,4384,69,25343,255,404
20180204,1,1,1,OLD,20176104,그것만이 내 세상,2018-01-17,1477505600,23.9,-87982048,-5.6,22513105537,175811,-10920,-5.8,2792093,863,3371
20180204,2,2,-1,OLD,20168323,염력,2018-01-31,1373258900,22.2,-343395480,-20,6393112857,164349,-39730,-19.5,846987,917,4736
20180204,3,3,0,OLD,20179985,코코,2018-01-11,942566100,15.3,-59535500,-5.9,24033473116,115294,-7463,-6.1,3047631,805,2177
20180204,4,4,0,OLD,20178126,인시디어스4: 라스트 키,2018-01-31,609603100,9.9,-138282284,-18.5,2786370464,71834,-17185,-19.3,363233,733,2438
20180204,5,5,0,OLD,20150976,신과함께-죄와 벌,2017-12-20,418652200,6.8,-23664200,-5.4,113968188437,49347,-3031,-5.8,14196380,533,1131
20180204,6,6,0,OLD,20175054,메이즈 러너: 데스 큐어,2018-01-17,319486200,5.2,-44765336,-12.3,18163196104,38545,-5093,-11.7,2206363,499,969
20180204,7,7,0,OLD,20178395,12 솔져스,2018-01-31,295627000,4.8,-17526200,-5.6,1064424900,33582,-1827,-5.2,129738,206,780
20180204,8,8,0,OLD,20170590,1987,2017-12-27,199378100,3.2,-9856600,-4.7,57745781745,23629,-1272,-5.1,7175542,397,641
20180204,9,9,0,OLD,20179228,마야2,2018-02-01,162088600,2.6,5700200,3.6,418523500,21016,424,2.1,55217,429,625
20180204,10,10,0,OLD,20178469,올 더 머니,2018-02-01,84024600,1.4,-7633800,-8.3,291966400,9842,-900,-8.4,35185,249,402
20180205,1,1,0,OLD,20176104,그것만이 내 세상,2018-01-17,407497000,24.0,-1070008600,-72.4,22920602537,53838,-121973,-69.4,2845931,793,3161
20180205,2,2,0,OLD,20168323,염력,2018-01-31,265175200,15.6,-1108083700,-80.7,6658288057,35465,-128884,-78.4,882452,839,4080
20180205,3,3,1,OLD,20178126,인시디어스4: 라스트 키,2018-01-31,211492900,12.5,-398110200,-65.3,2997863364,27340,-44494,-61.9,390573,624,2159
20180205,4,4,-1,OLD,20179985,코코,2018-01-11,197730100,11.6,-744836000,-79,24231203216,26150,-89144,-77.3,3073781,629,1739
20180205,5,5,0,OLD,20150976,신과함께-죄와 벌,2017-12-20,143441200,8.4,-275211000,-65.7,114111629637,19098,-30249,-61.3,14215478,487,1139
20180205,6,6,0,OLD,20175054,메이즈 러너: 데스 큐어,2018-01-17,111307500,6.6,-208178700,-65.2,18274503604,14653,-23892,-62,2221016,471,1015
20180205,7,7,0,OLD,20178395,12 솔져스,2018-01-31,103593000,6.1,-192034000,-65,1168017900,12991,-20591,-61.3,142729,200,778
20180205,8,8,0,OLD,20170590,1987,2017-12-27,62977700,3.7,-136400400,-68.4,57808759445,8412,-15217,-64.4,7183954,413,706
20180205,9,9,1,OLD,20178469,올 더 머니,2018-02-01,33648300,2.0,-50376300,-60,325614700,4533,-5309,-53.9,39718,248,439
20180205,10,10,1,OLD,19980074,타이타닉,1998-02-20,19863000,1.2,-29140000,-59.5,4663487000,2994,-3173,-51.5,394492,94,188
20180206,1,1,0,OLD,20176104,그것만이 내 세상,2018-01-17,414924500,25.1,7427500,1.8,23335527037,55691,1853,3.4,2901622,840,3264
20180206,2,2,0,OLD,20168323,염력,2018-01-31,224593800,13.6,-40581400,-15.3,6882881857,30421,-5044,-14.2,912873,839,3812
20180206,3,3,1,OLD,20179985,코코,2018-01-11,188089900,11.4,-9640200,-4.9,24419293116,25457,-693,-2.7,3099238,681,1750
20180206,4,4,-1,OLD,20178126,인시디어스4: 라스트 키,2018-01-31,187183700,11.3,-24309200,-11.5,3185047064,24383,-2957,-10.8,414956,610,2053
20180206,5,5,0,OLD,20150976,신과함께-죄와 벌,2017-12-20,127810100,7.7,-15631100,-10.9,114239439737,17179,-1919,-10,14232657,501,1142
20180206,6,6,0,OLD,20175054,메이즈 러너: 데스 큐어,2018-01-17,101555200,6.1,-9752300,-8.8,18376058804,13318,-1335,-9.1,2234334,477,1014
20180206,7,7,0,OLD,20178395,12 솔져스,2018-01-31,91881900,5.6,-11711100,-11.3,1259899800,11379,-1612,-12.4,154108,211,762
20180206,8,8,0,OLD,20170590,1987,2017-12-27,58452600,3.5,-4525100,-7.2,57867212045,7862,-550,-6.5,7191816,417,707
20180206,9,9,0,OLD,20178469,올 더 머니,2018-02-01,34913800,2.1,1265500,3.8,360528500,4787,254,5.6,44505,244,442
20180206,10,10,4,OLD,20179205,조선명탐정: 흡혈괴마의 비밀,2018-02-08,33726200,2.0,17554200,108.5,271176200,3283,1469,81,35507,27,27
20180207,1,1,0,OLD,20176104,그것만이 내 세상,2018-01-17,411337100,25.4,-3587400,-0.9,23746864137,55136,-555,-1,2956758,860,3383
20180207,2,2,1,OLD,20179985,코코,2018-01-11,194585900,12.0,6496000,3.5,24613879016,26116,659,2.6,3125354,645,1788
20180207,3,3,1,OLD,20178126,인시디어스4: 라스트 키,2018-01-31,176987300,10.9,-10196400,-5.4,3362034364,23079,-1304,-5.3,438035,575,1907
20180207,4,4,-2,OLD,20168323,염력,2018-01-31,165665100,10.2,-58928700,-26.2,7048546957,22659,-7762,-25.5,935532,767,3116
20180207,5,5,0,OLD,20150976,신과함께-죄와 벌,2017-12-20,129388900,8.0,1578800,1.2,114368828637,17342,163,0.9,14249999,530,1244
20180207,6,6,0,OLD,20175054,메이즈 러너: 데스 큐어,2018-01-17,104610100,6.5,3054900,3,18480668904,13807,489,3.7,2248141,461,995
20180207,7,7,0,OLD,20178395,12 솔져스,2018-01-31,93875100,5.8,1993200,2.2,1353774900,11753,374,3.3,165861,202,759
20180207,8,8,0,OLD,20170590,1987,2017-12-27,68230600,4.2,9778000,16.7,57935442645,9412,1550,19.7,7201228,406,710
20180207,9,9,5,OLD,20189901,더 포리너,2018-02-07,63424700,3.9,45531100,254.5,82694300,8178,5754,237.4,10774,156,547
20180207,10,10,-1,OLD,20178469,올 더 머니,2018-02-01,35984100,2.2,1070300,3.1,396512600,4802,15,0.3,49307,224,414
20180208,1,1,40,OLD,20179205,조선명탐정: 흡혈괴마의 비밀,2018-02-08,1062993600,46.8,1061727100,83831.6,1335436300,142800,142659,101176.6,178448,1140,5973
20180208,2,2,-1,OLD,20176104,그것만이 내 세상,2018-01-17,308552700,13.6,-102784400,-25,24055416837,41431,-13705,-24.9,2998189,703,2555
20180208,3,3,-1,OLD,20179985,코코,2018-01-11,145924500,6.4,-48661400,-25,24759803516,19310,-6806,-26.1,3144664,504,1194
20180208,4,4,-1,OLD,20178126,인시디어스4: 라스트 키,2018-01-31,117234300,5.2,-59753000,-33.8,3479268664,15372,-7707,-33.4,453407,409,913
20180208,5,5,-1,OLD,20168323,염력,2018-01-31,123357300,5.4,-42307800,-25.5,7171904257,15130,-7529,-33.2,950662,535,1341
20180208,6,6,13,OLD,20178672,패딩턴 2,2018-02-08,97195300,4.3,92907300,2166.7,164076300,13670,13134,2450.4,21332,499,1333
20180208,7,7,-2,OLD,20150976,신과함께-죄와 벌,2017-12-20,90890500,4.0,-38498400,-29.8,114459719137,12209,-5133,-29.6,14262208,415,795
20180208,8,8,-2,OLD,20175054,메이즈 러너: 데스 큐어,2018-01-17,49564200,2.2,-55045900,-52.6,18530233104,6486,-7321,-53,2254627,208,347
20180208,9,9,-2,OLD,20178395,12 솔져스,2018-01-31,45832800,2.0,-48042300,-51.2,1399607700,5819,-5934,-50.5,171680,174,443
20180208,10,10,-1,OLD,20189901,더 포리너,2018-02-07,34737300,1.5,-28687400,-45.2,117431600,4420,-3758,-46,15194,144,443
20180209,1,1,0,OLD,20179205,조선명탐정: 흡혈괴마의 비밀,2018-02-08,1269496076,47.0,206502476,19.4,2604932376,155179,12379,8.7,333627,1183,6142
20180209,2,2,0,OLD,20176104,그것만이 내 세상,2018-01-17,377670976,14.0,69118276,22.4,24433087813,45105,3674,8.9,3043294,689,2602
20180209,3,3,0,OLD,20179985,코코,2018-01-11,194707500,7.2,48783000,33.4,24954511016,23550,4240,22,3168214,544,1263
20180209,4,4,0,OLD,20178126,인시디어스4: 라스트 키,2018-01-31,155069800,5.7,37835500,32.3,3634338464,18715,3343,21.7,472122,447,983
20180209,5,5,2,OLD,20150976,신과함께-죄와 벌,2017-12-20,121792700,4.5,30902200,34,114581511837,14393,2184,17.9,14276601,430,841
20180209,6,6,0,OLD,20178672,패딩턴 2,2018-02-08,112360800,4.2,15165500,15.6,276437100,14352,682,5,35684,510,1358
20180209,7,7,1,OLD,20175054,메이즈 러너: 데스 큐어,2018-01-17,62840000,2.3,13275800,26.8,18593073104,7484,998,15.4,2262111,212,361
20180209,8,8,-3,OLD,20168323,염력,2018-01-31,59486924,2.2,-63870376,-51.8,7231391181,7287,-7843,-51.8,957949,500,1268
20180209,9,9,0,OLD,20178395,12 솔져스,2018-01-31,56996100,2.1,11163300,24.4,1456603800,6575,756,13,178255,181,454
20180209,10,10,0,OLD,20189901,더 포리너,2018-02-07,39062900,1.4,4325600,12.5,156494500,4581,161,3.6,19775,154,459
20180210,1,1,0,OLD,20179205,조선명탐정: 흡혈괴마의 비밀,2018-02-08,2740214669,48.5,1470718593,115.9,5345147045,327606,172427,111.1,661233,1249,6609
20180210,2,2,0,OLD,20176104,그것만이 내 세상,2018-01-17,780811669,13.8,403140693,106.7,25213899482,92724,47619,105.6,3136018,724,2767
20180210,3,3,0,OLD,20179985,코코,2018-01-11,551412400,9.8,356704900,183.2,25505923416,66167,42617,181,3234381,650,1633
20180210,4,4,2,OLD,20178672,패딩턴 2,2018-02-08,349361100,6.2,237000300,210.9,625798200,44831,30479,212.4,80515,625,1543
20180210,5,5,0,OLD,20150976,신과함께-죄와 벌,2017-12-20,256131600,4.5,134338900,110.3,114837643437,29904,15511,107.8,14306505,456,895
20180210,6,6,-2,OLD,20178126,인시디어스4: 라스트 키,2018-01-31,219704400,3.9,64634600,41.7,3854042864,26186,7471,39.9,498308,457,942
20180210,7,7,2,OLD,20178395,12 솔져스,2018-01-31,123943600,2.2,66947500,117.5,1580547400,14287,7712,117.3,192542,200,482
20180210,8,8,-1,OLD,20175054,메이즈 러너: 데스 큐어,2018-01-17,104578400,1.9,41738400,66.4,18697651504,12293,4809,64.3,2274404,196,357
20180210,9,9,-1,OLD,20168323,염력,2018-01-31,87707231,1.6,28220307,47.4,7319098412,10546,3259,44.7,968495,492,1061
20180210,10,10,8,OLD,20189761,터닝메카드W: 반다인의 비밀 특별판,2018-02-08,54935800,1.0,46363300,540.8,78820700,7108,5954,515.9,10525,166,377
20180211,1,1,0,OLD,20179205,조선명탐정: 흡혈괴마의 비밀,2018-02-08,2526755800,48.3,-213458869,-7.8,7871902845,304245,-23361,-7.1,965478,1236,6432
20180211,2,2,0,OLD,20176104,그것만이 내 세상,2018-01-17,717990400,13.7,-62821269,-8,25931889882,84722,-8002,-8.6,3220740,705,2670
20180211,3,3,0,OLD,20179985,코코,2018-01-11,506452500,9.7,-44959900,-8.2,26012375916,60799,-5368,-8.1,3295180,642,1633
20180211,4,4,0,OLD,20178672,패딩턴 2,2018-02-08,361262000,6.9,11900900,3.4,987060200,45668,837,1.9,126183,629,1528
20180211,5,5,0,OLD,20150976,신과함께-죄와 벌,2017-12-20,235915500,4.5,-20216100,-7.9,115073558937,27634,-2270,-7.6,14334139,449,878
20180211,6,6,0,OLD,20178126,인시디어스4: 라스트 키,2018-01-31,187006100,3.6,-32698300,-14.9,4041048964,22120,-4066,-15.5,520428,453,902
20180211,7,7,0,OLD,20178395,12 솔져스,2018-01-31,113542600,2.2,-10401000,-8.4,1694090000,13112,-1175,-8.2,205654,197,465
20180211,8,8,0,OLD,20175054,메이즈 러너: 데스 큐어,2018-01-17,94189000,1.8,-10389400,-9.9,18791840504,11051,-1242,-10.1,2285455,193,352
20180211,9,9,0,OLD,20168323,염력,2018-01-31,80114300,1.5,-7592931,-8.7,7399212712,9654,-892,-8.5,978149,465,952
20180211,10,10,0,OLD,20189761,터닝메카드W: 반다인의 비밀 특별판,2018-02-08,55982000,1.1,1046200,1.9,134802700,7164,56,0.8,17689,168,373
20180212,1,1,0,OLD,20179205,조선명탐정: 흡혈괴마의 비밀,2018-02-08,688680700,43.8,-1838075100,-72.7,8560583545,91433,-212812,-69.9,1056911,1165,5889
20180212,2,2,0,OLD,20176104,그것만이 내 세상,2018-01-17,214763400,13.6,-503227000,-70.1,26146653282,28443,-56279,-66.4,3249183,674,2510
20180212,3,3,0,OLD,20179985,코코,2018-01-11,129901700,8.3,-376550800,-74.4,26142277616,17116,-43683,-71.8,3312296,555,1373
20180212,4,4,2,OLD,20178126,인시디어스4: 라스트 키,2018-01-31,91866300,5.8,-95139800,-50.9,4132915264,11925,-10195,-46.1,532353,422,954
20180212,5,5,-1,OLD,20178672,패딩턴 2,2018-02-08,82234000,5.2,-279028000,-77.2,1069294200,11442,-34226,-74.9,137625,517,1249
20180212,6,6,-1,OLD,20150976,신과함께-죄와 벌,2017-12-20,78851900,5.0,-157063600,-66.6,115152410837,10415,-17219,-62.3,14344554,439,919
20180212,7,7,1,OLD,20175054,메이즈 러너: 데스 큐어,2018-01-17,39711400,2.5,-54477600,-57.8,18831551904,5155,-5896,-53.4,2290610,189,358
20180212,8,8,-1,OLD,20178395,12 솔져스,2018-01-31,37881600,2.4,-75661000,-66.6,1731971600,4814,-8298,-63.3,210468,190,476
20180212,9,9,0,OLD,20168323,염력,2018-01-31,25764500,1.6,-54349800,-67.8,7424977212,3459,-6195,-64.2,981608,425,815
20180212,10,10,1,OLD,20189901,더 포리너,2018-02-07,21031600,1.3,-36043200,-63.2,292696700,2674,-3895,-59.3,35694,149,399
20180213,1,1,0,OLD,20179205,조선명탐정: 흡혈괴마의 비밀,2018-02-08,673731800,40.0,-14948900,-2.2,9234315345,89617,-1816,-2,1146528,1161,5843
20180213,2,2,0,OLD,20176104,그것만이 내 세상,2018-01-17,215642600,12.8,879200,0.4,26362295882,28725,282,1,3277908,692,2544
20180213,3,3,0,OLD,20179985,코코,2018-01-11,140858300,8.4,10956600,8.4,26283135916,18773,1657,9.7,3331069,560,1395
20180213,4,4,1,OLD,20178672,패딩턴 2,2018-02-08,121095800,7.2,38861800,47.3,1190390000,17214,5772,50.4,154839,539,1318
20180213,5,5,-1,OLD,20178126,인시디어스4: 라스트 키,2018-01-31,87322400,5.2,-4543900,-4.9,4220237664,11412,-513,-4.3,543765,425,951
20180213,6,6,0,OLD,20150976,신과함께-죄와 벌,2017-12-20,84927700,5.0,6075800,7.7,115237338537,11228,813,7.8,14355782,440,926
20180213,7,7,0,OLD,20175054,메이즈 러너: 데스 큐어,2018-01-17,46946900,2.8,7235500,18.2,18878498804,6105,950,18.4,2296715,195,376
20180213,8,8,0,OLD,20178395,12 솔져스,2018-01-31,40040300,2.4,2158700,5.7,1772011900,5098,284,5.9,215566,191,476
20180213,9,9,0,OLD,20168323,염력,2018-01-31,27849900,1.7,2085400,8.1,7452827112,3721,262,7.6,985329,434,850
20180213,10,10,0,NEW,20170841,리틀 포레스트,2018-02-28,21524000,1.3,21524000,100,21524000,3239,3239,100,3239,15,15
20180214,1,1,18,OLD,20170561,블랙 팬서,2018-02-14,5055514500,65.0,5046230500,54354.1,5081347500,630472,629228,50581,633495,1449,7196
20180214,2,2,9,OLD,20168250,골든슬럼버,2018-02-14,1234140400,15.9,1201231700,3650.2,1319506100,161568,158532,5221.7,170253,763,3654
20180214,3,3,-2,OLD,20179205,조선명탐정: 흡혈괴마의 비밀,2018-02-08,547907400,7.0,-125824400,-18.7,9782222745,72063,-17554,-19.6,1218591,618,2387
20180214,4,4,0,NEW,20176121,흥부,2018-02-14,335150900,4.3,335150900,100,366468900,43697,43697,100,47547,557,2360
20180214,5,5,0,NEW,20078561,명탐정 코난:감벽의 관,2018-02-14,285572800,3.7,285572800,100,295448800,41627,41627,100,42838,432,820
20180214,6,6,-3,OLD,20179985,코코,2018-01-11,76557600,1.0,-64300700,-45.6,26359693516,10161,-8612,-45.9,3341230,302,454
20180214,7,7,-5,OLD,20176104,그것만이 내 세상,2018-01-17,70674000,0.9,-144968600,-67.2,26432969882,9428,-19297,-67.2,3287336,318,531
20180214,8,8,-4,OLD,20178672,패딩턴 2,2018-02-08,53066000,0.7,-68029800,-56.2,1243456000,7572,-9642,-56,162411,256,331
20180214,9,9,-3,OLD,20150976,신과함께-죄와 벌,2017-12-20,26125600,0.3,-58802100,-69.2,115263464137,3514,-7714,-68.7,14359296,103,140
20180214,10,10,-5,OLD,20178126,인시디어스4: 라스트 키,2018-01-31,11935100,0.2,-75387300,-86.3,4232172764,1620,-9792,-85.8,545385,62,89
20180215,1,1,0,OLD,20170561,블랙 팬서,2018-02-14,5038113700,54.6,-17400800,-0.3,10119461200,563860,-66612,-10.6,1197355,1587,7779
20180215,2,2,0,OLD,20168250,골든슬럼버,2018-02-14,1566414200,17.0,332273800,26.9,2885920300,183938,22370,13.8,354191,822,3626
20180215,3,3,0,OLD,20179205,조선명탐정: 흡혈괴마의 비밀,2018-02-08,1214390900,13.2,666483500,121.6,10996613645,143714,71651,99.4,1362305,691,2492
20180215,4,4,0,OLD,20176121,흥부,2018-02-14,537410100,5.8,202259200,60.3,903879000,62913,19216,44,110460,579,2072
20180215,5,5,0,OLD,20078561,명탐정 코난:감벽의 관,2018-02-14,230270700,2.5,-55302100,-19.4,525719500,29639,-11988,-28.8,72477,487,881
20180215,6,6,0,OLD,20179985,코코,2018-01-11,172114000,1.9,95556400,124.8,26531807516,20771,10610,104.4,3362001,353,517
20180215,7,7,0,OLD,20176104,그것만이 내 세상,2018-01-17,145924800,1.6,75250800,106.5,26578894682,17402,7974,84.6,3304738,312,485
20180215,8,8,0,OLD,20178672,패딩턴 2,2018-02-08,112358700,1.2,59292700,111.7,1355814700,14382,6810,89.9,176793,282,377
20180215,9,9,0,OLD,20150976,신과함께-죄와 벌,2017-12-20,62675000,0.7,36549400,139.9,115326139137,7133,3619,103,14366429,119,161
20180215,10,10,1,OLD,20179462,위대한 쇼맨,2017-12-20,14938000,0.2,4146100,38.4,11285563400,1677,306,22.3,1376107,36,46
20180216,1,1,0,OLD,20170561,블랙 팬서,2018-02-14,5113967324,48.6,75853624,1.5,15233428524,562504,-1356,-0.2,1759859,1620,7904
20180216,2,2,1,OLD,20179205,조선명탐정: 흡혈괴마의 비밀,2018-02-08,1978491030,18.8,764100130,62.9,12975104675,231681,87967,61.2,1593986,848,2944
20180216,3,3,-1,OLD,20168250,골든슬럼버,2018-02-14,1924340076,18.3,357925876,22.9,4810260376,223281,39343,21.4,577472,815,3514
20180216,4,4,0,OLD,20176121,흥부,2018-02-14,692658000,6.6,155247900,28.9,1596537000,80706,17793,28.3,191166,568,1770
20180216,5,5,2,OLD,20176104,그것만이 내 세상,2018-01-17,183557400,1.7,37632600,25.8,26762452082,21793,4391,25.2,3326531,288,429
20180216,6,6,0,OLD,20179985,코코,2018-01-11,164275546,1.6,-7838454,-4.6,26696083062,19351,-1420,-6.8,3381352,354,502
20180216,7,7,-2,OLD,20078561,명탐정 코난:감벽의 관,2018-02-14,143849800,1.4,-86420900,-37.5,669569300,17635,-12004,-40.5,90112,442,756
20180216,8,8,0,OLD,20178672,패딩턴 2,2018-02-08,87294900,0.8,-25063800,-22.3,1443109600,10963,-3419,-23.8,187756,280,366
20180216,9,9,0,OLD,20150976,신과함께-죄와 벌,2017-12-20,96276100,0.9,33601100,53.6,115422415237,10816,3683,51.6,14377245,131,177
20180216,10,10,0,OLD,20179462,위대한 쇼맨,2017-12-20,20430400,0.2,5492400,36.8,11305993800,2250,573,34.2,1378357,42,53
20180217,1,1,0,OLD,20170561,블랙 팬서,2018-02-14,6544317794,51.5,1430350470,28,21777746318,739465,176961,31.5,2499324,1544,7565
20180217,2,2,0,OLD,20179205,조선명탐정: 흡혈괴마의 비밀,2018-02-08,2341828428,18.4,363337398,18.4,15316933103,280839,49158,21.2,1874825,1027,3655
20180217,3,3,0,OLD,20168250,골든슬럼버,2018-02-14,1993533706,15.7,69193630,3.6,6803794082,236602,13321,6,814074,833,3536
20180217,4,4,0,OLD,20176121,흥부,2018-02-14,662006400,5.2,-30651600,-4.4,2258543400,79879,-827,-1,271045,627,1714
20180217,5,5,2,OLD,20078561,명탐정 코난:감벽의 관,2018-02-14,272194300,2.1,128344500,89.2,941763600,34887,17252,97.8,124999,443,722
20180217,6,6,0,OLD,20179985,코코,2018-01-11,220901078,1.7,56625532,34.5,26916984140,27213,7862,40.6,3408565,345,488
20180217,7,7,-2,OLD,20176104,그것만이 내 세상,2018-01-17,204162500,1.6,20605100,11.2,26966614582,24906,3113,14.3,3351437,305,469
20180217,8,8,0,OLD,20178672,패딩턴 2,2018-02-08,156834900,1.2,69540000,79.7,1599944500,20418,9455,86.2,208174,290,391
20180217,9,9,0,OLD,20150976,신과함께-죄와 벌,2017-12-20,113310200,0.9,17034100,17.7,115535725437,13185,2369,21.9,14390430,149,217
20180217,10,10,0,OLD,20179462,위대한 쇼맨,2017-12-20,28059500,0.2,7629100,37.3,11334053300,3204,954,42.4,1381561,51,69
20180218,1,1,0,OLD,20170561,블랙 팬서,2018-02-14,5263279400,54.0,-1281038394,-19.6,27041025718,598451,-141014,-19.1,3097775,1495,7172
20180218,2,2,0,OLD,20179205,조선명탐정: 흡혈괴마의 비밀,2018-02-08,1677404100,17.2,-664424328,-28.4,16994337203,201241,-79598,-28.3,2076066,1014,3574
20180218,3,3,0,OLD,20168250,골든슬럼버,2018-02-14,1428202500,14.7,-565331206,-28.4,8231996582,168614,-67988,-28.7,982688,809,3348
20180218,4,4,0,OLD,20176121,흥부,2018-02-14,423575600,4.3,-238430800,-36,2682119000,51325,-28554,-35.7,322370,597,1573
20180218,5,5,0,OLD,20078561,명탐정 코난:감벽의 관,2018-02-14,254673400,2.6,-17520900,-6.4,1196437000,32920,-1967,-5.6,157919,449,709
20180218,6,6,0,OLD,20179985,코코,2018-01-11,185001700,1.9,-35899378,-16.3,27101985840,22741,-4472,-16.4,3431306,350,488
20180218,7,7,1,OLD,20178672,패딩턴 2,2018-02-08,149019600,1.5,-7815300,-5,1748964100,19341,-1077,-5.3,227515,301,406
20180218,8,8,-1,OLD,20176104,그것만이 내 세상,2018-01-17,138650700,1.4,-65511800,-32.1,27105265282,16909,-7997,-32.1,3368346,315,513
20180218,9,9,0,OLD,20150976,신과함께-죄와 벌,2017-12-20,67591700,0.7,-45718500,-40.3,115603317137,7870,-5315,-40.3,14398300,140,201
20180218,10,10,0,OLD,20179462,위대한 쇼맨,2017-12-20,23511400,0.2,-4548100,-16.2,11357564700,2656,-548,-17.1,1384217,49,72
20180219,1,1,0,OLD,20170561,블랙 팬서,2018-02-14,1888242200,56.9,-3375037200,-64.1,28929267918,240663,-357788,-59.8,3338438,1314,6417
20180219,2,2,1,OLD,20168250,골든슬럼버,2018-02-14,473898400,14.3,-954304100,-66.8,8705894982,62368,-106246,-63,1045056,722,3220
20180219,3,3,-1,OLD,20179205,조선명탐정: 흡혈괴마의 비밀,2018-02-08,419731500,12.7,-1257672600,-75,17414068703,56510,-144731,-71.9,2132576,710,2761
20180219,4,4,0,OLD,20176121,흥부,2018-02-14,147392800,4.4,-276182800,-65.2,2829511800,20040,-31285,-61,342410,538,1676
20180219,5,5,0,OLD,20078561,명탐정 코난:감벽의 관,2018-02-14,83649400,2.5,-171024000,-67.2,1280086400,12054,-20866,-63.4,169973,389,663
20180219,6,6,0,OLD,20179985,코코,2018-01-11,63227300,1.9,-121774400,-65.8,27165213140,8586,-14155,-62.2,3439892,324,498
20180219,7,7,1,OLD,20176104,그것만이 내 세상,2018-01-17,54190600,1.6,-84460100,-60.9,27159455882,7771,-9138,-54,3376117,345,591
20180219,8,8,-1,OLD,20178672,패딩턴 2,2018-02-08,45561400,1.4,-103458200,-69.4,1794525500,6719,-12622,-65.3,234234,269,358
20180219,9,9,0,OLD,20150976,신과함께-죄와 벌,2017-12-20,22635600,0.7,-44956100,-66.5,115625952737,3037,-4833,-61.4,14401337,131,179
20180219,10,10,0,NEW,20164844,불한당: 나쁜 놈들의 세상,2017-05-17,9945000,0.3,9945000,100,7601047625,1865,1865,100,941921,58,97
