week,showRange,rnum,rank,movieNm,audiAcc,audiCnt,openDt,scrnCnt,showCnt,salesChange,rankOldAndNew,salesAmt,salesShare,audiChange,movieCd,audiInten,rankInten,salesAcc,salesInten
201652,20161226~20170101,1,1,마스터,5440922,2438734,2016-12-21,1425,41586,-21.7,OLD,19349867756,44.7,-18.4,20161725,-549573,0,44179755165,-5355442653
201652,20161226~20170101,2,2,로그 원: 스타워즈 스토리,769938,769332,2016-12-28,907,18774,69312.8,OLD,6730265794,15.6,126852.5,20163183,768726,51,6739961794,6720569794
201652,20161226~20170101,3,3,씽,1178327,611313,2016-12-21,721,11448,2.7,OLD,4614716600,10.7,8.8,20162025,49518,1,9147833289,120827911
201652,20161226~20170101,4,4,라라랜드,2472637,527760,2016-12-07,616,11189,-22.1,OLD,4224795656,9.8,-18.5,20167904,-119557,-1,20767028832,-1201121942
201652,20161226~20170101,5,5,판도라,4401833,465920,2016-12-07,668,11576,-44.5,OLD,3530793700,8.2,-43.3,20144641,-356345,-3,34692314064,-2828956502
201652,20161226~20170101,6,6,"당신, 거기 있어줄래요",1143445,148293,2016-12-14,560,6280,-62.8,OLD,1146206200,2.7,-61.3,20152371,-235101,-1,9165307248,-1934940900
201652,20161226~20170101,7,7,루돌프와 많이있어,119420,117695,2016-12-28,375,2304,12150.1,OLD,911159600,2.1,14376.6,20162727,116882,41,926773600,903721600
201652,20161226~20170101,8,8,포켓몬 더 무비 XY&Z 「볼케니온 : 기계왕국의 비밀」,238452,94252,2016-12-22,358,2646,-35.7,OLD,707569200,1.6,-33.8,20162183,-48062,-2,1821568800,-392272400
201652,20161226~20170101,9,9,너의 이름은.,74181,73199,2017-01-04,275,695,7959.3,OLD,633142500,1.5,7354.1,20161872,72217,34,640998500,625286500
201652,20161226~20170101,10,10,하이큐!! 승자와 패자,22733,21873,2016-12-28,103,862,1886.9,OLD,152882000,0.4,2443.4,20165543,21013,37,160576500,145187500
201701,20170102~20170108,1,1,너의 이름은.,1182465,1108284,2017-01-04,947,16430,1338.0,OLD,9104293942,24.9,1414.1,20161872,1035085,8,9745292442,8471151442
201701,20170102~20170108,2,2,마스터,6516078,1075156,2016-12-21,1171,27321,-54.7,OLD,8773964200,24.0,-55.9,20161725,-1363578,-1,52953719365,-10575903556
201701,20170102~20170108,3,3,패신저스,504393,503992,2017-01-04,608,11293,129988.4,OLD,4173235418,11.4,125583.8,20161084,503591,54,4176443418,4170027418
201701,20170102~20170108,4,4,씽,1589069,410742,2016-12-21,681,9499,-33.1,OLD,3085319000,8.4,-32.8,20162025,-200571,-1,12233152289,-1529397600
201701,20170102~20170108,5,5,라라랜드,2728939,256302,2016-12-07,567,7826,-49.7,OLD,2125512882,5.8,-51.4,20167904,-271458,-1,22892541714,-2099282774
201701,20170102~20170108,6,6,눈의 여왕 3: 눈과 불의 마법대결,242171,240694,2017-01-04,526,4999,17131.0,OLD,1818045400,5.0,16196.1,20165153,239217,29,1828596400,1807494400
201701,20170102~20170108,7,7,사랑하기 때문에,246167,229757,2017-01-04,542,8731,5441.3,OLD,1834166940,5.0,5626.7,20150966,225745,13,1968850940,1801066940
201701,20170102~20170108,8,8,로그 원: 스타워즈 스토리,979079,209141,2016-12-28,759,11473,-71.0,OLD,1953125800,5.3,-72.8,20163183,-560191,-6,8693087594,-4777139994
201701,20170102~20170108,9,9,판도라,4545689,143856,2016-12-07,540,5977,-68.6,OLD,1109973400,3.0,-69.1,20144641,-322064,-4,35802287464,-2420820300
201701,20170102~20170108,10,10,여교사,86439,84669,2017-01-04,393,4068,23069.9,OLD,703902760,1.9,25174.3,20151181,84334,50,718495760,700864760
201702,20170109~20170115,1,1,너의 이름은.,2489365,1306900,2017-01-04,845,26537,15.2,OLD,10485496008,32.1,17.9,20161872,198616,0,20230788450,1381202066
201702,20170109~20170115,2,2,모아나,673220,672028,2017-01-12,953,13530,55520.6,OLD,5401873692,16.6,56278.2,20165443,670836,30,5411585692,5392161692
201702,20170109~20170115,3,3,마스터,7028694,512616,2016-12-21,813,15893,-52.3,OLD,4182233300,12.8,-52.3,20161725,-562540,-1,57135952665,-4591730900
201702,20170109~20170115,4,4,얼라이드,337889,334159,2017-01-11,546,9898,14291.2,OLD,2790013379,8.5,15313.2,20168381,331991,19,2822164379,2770626379
201702,20170109~20170115,5,5,어쌔신 크리드,305232,304442,2017-01-11,566,10845,30087.3,OLD,2502225921,7.7,38437.0,20164421,303652,35,2510514921,2493936921
201702,20170109~20170115,6,6,라라랜드,2924098,195159,2016-12-07,403,5080,-23.3,OLD,1630619408,5.0,-23.9,20167904,-61143,-1,24523161122,-494893474
201702,20170109~20170115,7,7,패신저스,654883,150490,2017-01-04,550,8813,-71.4,OLD,1192499900,3.7,-70.1,20161084,-353502,-4,5368943318,-2980735518
201702,20170109~20170115,8,8,씽,1710055,120986,2016-12-21,500,4810,-71.2,OLD,889011900,2.7,-70.5,20162025,-289756,-4,13122164189,-2196307100
201702,20170109~20170115,9,9,눈의 여왕 3: 눈과 불의 마법대결,346092,103921,2017-01-04,460,4430,-59.4,OLD,738452800,2.3,-56.8,20165153,-136773,-3,2567049200,-1079592600
201702,20170109~20170115,10,10,사랑하기 때문에,329548,83381,2017-01-04,498,5473,-65.8,OLD,627938800,1.9,-63.7,20150966,-146376,-3,2596789740,-1206228140
201703,20170116~20170122,1,1,더 킹,1852899,1845666,2017-01-18,1310,28416,23241.6,OLD,15304382429,38.2,26422.0,20151229,1838707,20,15371867429,15238815429
201703,20170116~20170122,2,2,공조,1153989,1140497,2017-01-18,976,20865,8167.7,OLD,9346680285,23.3,8721.9,20151228,1127569,15,9464480585,9233629985
201703,20170116~20170122,3,3,모아나,1251006,577786,2017-01-12,802,13827,-18.6,OLD,4399189715,11.0,-14.0,20165443,-94242,-1,9810775407,-1002683977
201703,20170116~20170122,4,4,너의 이름은.,3052343,562978,2017-01-04,788,17375,-57.6,OLD,4445002406,11.1,-56.9,20161872,-743922,-3,24675790856,-6040493602
201703,20170116~20170122,5,5,터닝메카드W: 블랙미러의 부활,276701,276158,2017-01-18,570,6599,51633.3,OLD,2052777700,5.1,50757.8,20163845,275615,38,2056745700,2048809700
201703,20170116~20170122,6,6,얼라이드,461670,123781,2017-01-11,521,6893,-64.7,OLD,984643300,2.5,-63.0,20168381,-210378,-2,3806807679,-1805370079
201703,20170116~20170122,7,7,마스터,7130942,102248,2016-12-21,574,5834,-81.0,OLD,794196100,2.0,-80.1,20161725,-410368,-4,57930148765,-3388037200
201703,20170116~20170122,8,8,라라랜드,3023446,99348,2016-12-07,357,3508,-50.0,OLD,814788306,2.0,-49.1,20167904,-95811,-2,25337949428,-815831102
201703,20170116~20170122,9,9,어쌔신 크리드,352039,46807,2017-01-11,546,4758,-85.6,OLD,360137800,0.9,-84.6,20164421,-257635,-4,2870652721,-2142088121
201703,20170116~20170122,10,10,반지의 제왕 : 두개의 탑 (확장판),20174,20174,2017-01-18,58,424,100.0,NEW,257843500,0.6,100.0,20168664,20174,0,257843500,257843500
201704,20170123~20170129,1,1,공조,3795042,2641053,2017-01-18,1383,34427,132.5,OLD,21730426384,42.2,131.6,20151228,1500556,1,31194906969,12383746099
201704,20170123~20170129,2,2,더 킹,3835221,1982322,2017-01-18,1181,35469,5.4,OLD,16126895880,31.3,7.4,20151229,136656,-1,31498763309,822513451
201704,20170123~20170129,3,3,모아나,1728762,477756,2017-01-12,708,10714,-15.4,OLD,3723164100,7.2,-17.3,20165443,-100030,0,13533939507,-676025615
201704,20170123~20170129,4,4,레지던트 이블: 파멸의 날,409543,409142,2017-01-25,599,9319,107095.4,OLD,3438826873,6.7,101930.4,20168688,408741,54,3442034873,3435618873
201704,20170123~20170129,5,5,너의 이름은.,3367322,314979,2017-01-04,558,9198,-44.7,OLD,2458596900,4.8,-44.1,20161872,-247999,-1,27134387756,-1986405506
201704,20170123~20170129,6,6,라라랜드,3122108,98662,2016-12-07,248,2506,-1.0,OLD,806525100,1.6,-0.7,20167904,-686,2,26144474528,-8263206
201704,20170123~20170129,7,7,터닝메카드W: 블랙미러의 부활,362763,86062,2017-01-18,438,4721,-68.4,OLD,648090700,1.3,-68.8,20163845,-190096,-2,2704836400,-1404687000
201704,20170123~20170129,8,8,딥워터 호라이즌,68381,67078,2017-01-25,433,4278,5189.2,OLD,521306743,1.0,5048.0,20168154,65775,26,531162743,511450743
201704,20170123~20170129,9,9,짱구는 못말려 극장판: 폭풍수면! 꿈꾸는 세계 대돌격,61897,59189,2017-01-25,334,2315,8700.5,OLD,452698400,0.9,9105.1,20167285,58546,41,474362400,447554400
201704,20170123~20170129,10,10,얼라이드,499678,38008,2017-01-11,311,2104,-68.4,OLD,311053400,0.6,-69.3,20168381,-85773,-4,4117861079,-673589900
201705,20170130~20170205,1,1,공조,6272403,2477361,2017-01-18,1392,37854,-6.8,OLD,20255673518,46.2,-6.2,20151228,-163692,0,51450580487,-1474752866
201705,20170130~20170205,2,2,더 킹,4991045,1155824,2017-01-18,1081,26863,-41.4,OLD,9452134226,21.6,-41.7,20151229,-826498,0,40950897535,-6674761654
201705,20170130~20170205,3,3,모아나,2146036,417274,2017-01-12,696,8626,-12.1,OLD,3273490200,7.5,-12.7,20165443,-60482,0,16807429707,-449673900
201705,20170130~20170205,4,4,컨택트,358342,355525,2017-02-02,605,9365,113458.0,OLD,2961591682,6.8,108956.7,20179281,355199,52,2984127682,2958983682
201705,20170130~20170205,5,5,레지던트 이블: 파멸의 날,708002,298459,2017-01-25,576,10482,-26.5,OLD,2526994392,5.8,-27.1,20168688,-110683,-1,5969029265,-911832481
201705,20170130~20170205,6,6,너의 이름은.,3554648,187326,2017-01-04,470,6080,-39.2,OLD,1493964900,3.4,-40.5,20161872,-127653,-1,28628352656,-964632000
201705,20170130~20170205,7,7,라라랜드,3210470,88362,2016-12-07,218,2549,-9.7,OLD,728457800,1.7,-10.4,20167904,-10300,-1,26872932328,-78067300
201705,20170130~20170205,8,8,터닝메카드W: 블랙미러의 부활,422855,60092,2017-01-18,392,2042,-29.1,OLD,459238900,1.0,-30.2,20163845,-25970,-1,3164075300,-188851800
201705,20170130~20170205,9,9,짱구는 못말려 극장판: 폭풍수면! 꿈꾸는 세계 대돌격,116961,55064,2017-01-25,329,1807,-8.1,OLD,415888800,0.9,-7.0,20167285,-4125,0,890251200,-36809600
201705,20170130~20170205,10,10,라이언,59439,54187,2017-02-01,205,3237,4503.3,OLD,435963300,1.0,4781.7,20167324,53077,24,476148900,426492700
201706,20170206~20170212,1,1,조작된 도시,1072450,1065429,2017-02-09,1019,16325,16697.4,OLD,8770952944,29.2,15074.9,20150964,1058408,19,8823168944,8718736944
201706,20170206~20170212,2,2,공조,7261888,989485,2017-01-18,1022,28255,-60.7,OLD,7968990461,26.5,-60.1,20151228,-1487876,-1,59419570948,-12286683057
201706,20170206~20170212,3,3,트리플 엑스 리턴즈,368339,367329,2017-02-08,590,12629,27344.0,OLD,3106114595,10.3,36269.2,20167716,366319,38,3117432595,3094796595
201706,20170206~20170212,4,4,더 킹,5271331,280286,2017-01-18,777,14149,-76.7,OLD,2200063200,7.3,-75.8,20151229,-875538,-2,43150960735,-7252071026
201706,20170206~20170212,5,5,컨택트,563991,205649,2017-02-02,558,10152,-43.9,OLD,1662681039,5.5,-42.2,20179281,-149876,-1,4646808721,-1298910643
201706,20170206~20170212,6,6,모아나,2264365,118329,2017-01-12,478,4649,-72.4,OLD,902651800,3.0,-71.6,20165443,-298945,-3,17710081507,-2370838400
201706,20170206~20170212,7,7,50가지 그림자: 심연,109366,109366,2017-02-09,435,4760,100.0,NEW,938572000,3.1,100.0,20161141,109366,0,938572000,938572000
201706,20170206~20170212,8,8,발레리나,94689,92707,2017-02-09,434,2183,7784.7,OLD,715888600,2.4,7400.6,20167644,91471,30,730936100,706809100
201706,20170206~20170212,9,9,명탐정 코난: 에피소드 원-작아진 명탐정,81707,81707,2017-02-08,215,2037,100.0,NEW,641814600,2.1,100.0,20178881,81707,0,641814600,641814600
201706,20170206~20170212,10,10,레고 배트맨 무비,105962,76382,2017-02-09,427,2606,152.9,OLD,615338405,2.1,158.2,20162873,46802,1,858695005,371981805
201707,20170213~20170219,1,1,재심,1022790,1013032,2017-02-15,935,19991,13921.0,OLD,8312086808,27.8,13152.6,20166421,1005388,17,8385659808,8252803808
201707,20170213~20170219,2,2,조작된 도시,1974264,901814,2017-02-09,900,24239,-18.2,OLD,7178817264,24.0,-15.4,20150964,-163615,-1,16001986208,-1592135680
201707,20170213~20170219,3,3,공조,7667423,405535,2017-01-18,753,14377,-59.6,OLD,3215547078,10.8,-59.0,20151228,-583950,-1,62635118026,-4753443383
201707,20170213~20170219,4,4,그레이트 월,371126,370926,2017-02-15,598,13406,100.0,NEW,3302752358,11.0,100.0,20163580,370926,0,3305352358,3302752358
201707,20170213~20170219,5,5,트롤,215706,213728,2017-02-16,622,4718,10141.3,OLD,1620587300,5.4,10705.3,20161744,211750,28,1636411300,1604763300
201707,20170213~20170219,6,6,더 큐어,126456,125873,2017-02-15,419,5486,98229.3,OLD,1061956300,3.6,69829.4,20167362,125693,82,1066663300,1060876300
201707,20170213~20170219,7,7,트리플 엑스 리턴즈,465273,96934,2017-02-08,546,7067,-75.1,OLD,774653000,2.6,-73.6,20167716,-270395,-4,3892085595,-2331461595
201707,20170213~20170219,8,8,50가지 그림자: 심연,173351,63985,2017-02-09,417,3389,-44.8,OLD,518542300,1.7,-41.5,20161141,-45381,-1,1457114300,-420029700
201707,20170213~20170219,9,9,발레리나,157498,62809,2017-02-09,353,2401,-36.4,OLD,455485200,1.5,-32.2,20167644,-29898,-1,1186421300,-260403400
201707,20170213~20170219,10,10,마이펫 오지,63703,62709,2017-02-16,393,2480,7453.5,OLD,476174450,1.6,7858.0,20167906,61921,38,484126450,469870450
201708,20170220~20170226,1,1,23 아이덴티티,966904,966630,2017-02-22,952,15198,357819.4,OLD,7845593700,26.7,352684.7,20170241,966356,75,7847785700,7843401700
201708,20170220~20170226,2,2,재심,1887218,864428,2017-02-15,865,23618,-19.6,OLD,6685290829,22.7,-14.7,20166421,-148604,-1,15070950637,-1626795979
201708,20170220~20170226,3,3,조작된 도시,2379539,405275,2017-02-09,747,14611,-56.7,OLD,3105087579,10.5,-55.1,20150964,-496539,-1,19107073787,-4073729685
201708,20170220~20170226,4,4,싱글라이더,262306,260431,2017-02-22,576,10799,15935.2,OLD,1999273921,6.8,13789.7,20161723,258556,28,2011741921,1986805921
201708,20170220~20170226,5,5,트롤,467052,251346,2017-02-16,536,6745,12.2,OLD,1818944800,6.2,17.6,20161744,37618,0,3455356100,198357500
201708,20170220~20170226,6,6,존 윅 - 리로드,179158,177605,2017-02-22,250,5071,11881.0,OLD,1439036900,4.9,11336.3,20166101,176052,29,1451047900,1427025900
201708,20170220~20170226,7,7,공조,7796341,128918,2017-01-18,513,5863,-69.3,OLD,986686000,3.4,-68.2,20151228,-276617,-4,63621804026,-2228861078
201708,20170220~20170226,8,8,그레이트 월,488683,117557,2017-02-15,547,8569,-70.9,OLD,959809500,3.3,-68.3,20163580,-253369,-4,4265161858,-2342942858
201708,20170220~20170226,9,9,핵소 고지,121682,116366,2017-02-22,442,5606,3168.0,OLD,890043800,3.0,3383.0,20167922,113025,19,933424000,862808400
201708,20170220~20170226,10,10,루시드 드림,85247,80030,2017-02-22,461,6629,1785.8,OLD,594358700,2.0,1898.8,20156562,76026,15,634084700,562841700
201709,20170227~20170305,1,1,로건,1079865,1079212,2017-03-01,954,21392,171541.9,OLD,9399111165,29.4,165169.8,20161827,1078559,49,9404587165,9393635165
201709,20170227~20170305,2,2,해빙,909888,908624,2017-03-01,915,20239,99714.0,OLD,7564905665,23.6,105186.7,20150971,907761,42,7576494665,7557326665
201709,20170227~20170305,3,3,23 아이덴티티,1527342,560438,2017-02-22,841,17056,-41.9,OLD,4557263635,14.2,-42.0,20170241,-406192,-2,12405049335,-3288330065
201709,20170227~20170305,4,4,재심,2266924,379706,2017-02-15,723,13137,-55.0,OLD,3008115100,9.4,-56.1,20166421,-484722,-2,18079065737,-3677175729
201709,20170227~20170305,5,5,트롤,642652,175600,2017-02-16,426,4705,-28.5,OLD,1300225100,4.1,-30.1,20161744,-75746,0,4755581200,-518719700
201709,20170227~20170305,6,6,조작된 도시,2492389,112850,2017-02-09,516,5054,-71.9,OLD,872632600,2.7,-72.2,20150964,-292425,-3,19979706387,-2232454979
201709,20170227~20170305,7,7,눈길,89721,86704,2017-03-01,495,5209,18935.5,OLD,671572500,2.1,22018.4,20158799,86312,52,693853500,668044500
201709,20170227~20170305,8,8,싱글라이더,338663,76357,2017-02-22,541,4798,-70.9,OLD,580829800,1.8,-70.7,20161723,-184074,-4,2592571721,-1418444121
201709,20170227~20170305,9,9,존 윅 - 리로드,247687,68529,2017-02-22,238,3759,-60.7,OLD,566240700,1.8,-61.4,20166101,-109076,-3,2017288600,-872796200
201709,20170227~20170305,10,10,문라이트,105284,64593,2017-02-22,180,2198,83.5,OLD,531060000,1.7,75.7,20165927,27825,3,855248200,241691400
201710,20170306~20170312,1,1,콩: 스컬 아일랜드,1011350,1007566,2017-03-08,984,21915,23163.5,OLD,8523031243,40.4,29037.2,20168183,1004108,29,8561950243,8486394243
201710,20170306~20170312,2,2,로건,1771321,691456,2017-03-01,899,24733,-38.6,OLD,5769237757,27.4,-35.9,20161827,-387756,-1,15173824922,-3629873408
201710,20170306~20170312,3,3,해빙,1142194,232306,2017-03-01,770,17385,-75.6,OLD,1845539657,8.8,-74.4,20150971,-676318,-1,9422034322,-5719366008
201710,20170306~20170312,4,4,23 아이덴티티,1647464,120122,2017-02-22,470,8451,-78.5,OLD,981392500,4.7,-78.6,20170241,-440316,-1,13386441835,-3575871135
201710,20170306~20170312,5,5,재심,2381161,114237,2017-02-15,500,7521,-70.3,OLD,893699100,4.2,-69.9,20166421,-265469,-1,18972764837,-2114416000
201710,20170306~20170312,6,6,라라랜드,3414498,52489,2016-12-07,202,2114,-5.3,OLD,429365805,2.0,-2.3,20167904,-1217,5,28553113433,-23862395
201710,20170306~20170312,7,7,파도가 지나간 자리,38111,36809,2017-03-08,275,2452,2426.0,OLD,293256600,1.4,2835.3,20168750,35555,38,305262100,281647100
201710,20170306~20170312,8,8,문라이트,141070,35786,2017-02-22,191,1946,-46.6,OLD,283454795,1.3,-44.6,20165927,-28807,2,1138702995,-247605205
201710,20170306~20170312,9,9,눈길,118820,29099,2017-03-01,422,3313,-69.3,OLD,205883700,1.0,-66.4,20158799,-57605,-2,899737200,-465688800
201710,20170306~20170312,10,10,트롤,669262,26610,2017-02-16,263,1653,-84.0,OLD,208044600,1.0,-84.8,20161744,-148990,-5,4963625800,-1092180500
201711,20170313~20170319,1,1,미녀와 야수,1571430,1570601,2017-03-16,1627,27401,100.0,NEW,13308790249,55.7,100.0,20164721,1570601,0,13317337249,13308790249
201711,20170313~20170319,2,2,콩: 스컬 아일랜드,1549189,537839,2017-03-08,899,23133,-49.0,OLD,4347568840,18.2,-46.6,20168183,-469727,-1,12909519083,-4175462403
201711,20170313~20170319,3,3,로건,2082967,311646,2017-03-01,819,16013,-55.9,OLD,2544609401,10.7,-54.9,20161827,-379810,-1,17718434323,-3224628356
201711,20170313~20170319,4,4,비정규직 특수요원,114741,113490,2017-03-16,497,6532,10565.9,OLD,893377700,3.7,8971.9,20167905,112239,37,901753700,885001700
201711,20170313~20170319,5,5,해빙,1197869,55675,2017-03-01,502,7300,-76.5,OLD,432893000,1.8,-76.0,20150971,-176631,-2,9854927322,-1412646657
201711,20170313~20170319,6,6,라라랜드,3453498,39000,2016-12-07,192,1970,-27.5,OLD,311196900,1.3,-25.7,20167904,-13489,0,28864310333,-118168905
201711,20170313~20170319,7,7,재심,2415253,34092,2017-02-15,403,3448,-71.5,OLD,255099800,1.1,-70.2,20166421,-80145,-2,19227864637,-638599300
201711,20170313~20170319,8,8,파도가 지나간 자리,68026,29915,2017-03-08,276,2177,-22.3,OLD,227999000,1.0,-18.7,20168750,-6894,-1,533261100,-65257600
201711,20170313~20170319,9,9,23 아이덴티티,1673890,26426,2017-02-22,376,3098,-78.7,OLD,208563800,0.9,-78.0,20170241,-93696,-5,13595005635,-772828700
201711,20170313~20170319,10,10,스페이스 비트윈 어스,22200,21748,2017-03-16,370,3311,11245.6,OLD,169957361,0.7,10062.6,20178942,21534,73,173597361,168459361
201712,20170320~20170326,1,1,미녀와 야수,3104664,1533234,2017-03-16,1352,37316,-5.1,OLD,12624296444,43.0,-2.4,20164721,-37367,0,25941633693,-684493805
201712,20170320~20170326,2,2,프리즌,1243668,1225852,2017-03-23,1047,20795,8160.9,OLD,10217604823,34.8,8674.9,20162181,1211882,10,10370384823,10093918823
201712,20170320~20170326,3,3,보통사람,255227,252955,2017-03-23,621,9889,13257.2,OLD,2012395323,6.8,11033.6,20167902,250683,25,2027461323,1997329323
201712,20170320~20170326,4,4,히든 피겨스,139283,125133,2017-03-23,448,4722,4367.1,OLD,1032891433,3.5,4350.0,20167363,122321,22,1149196233,1009769433
201712,20170320~20170326,5,5,콩: 스컬 아일랜드,1674270,125081,2017-03-08,609,9434,-77.7,OLD,967633000,3.3,-76.7,20168183,-412758,-3,13877152083,-3379935840
201712,20170320~20170326,6,6,로건,2155751,72784,2017-03-01,515,5537,-77.6,OLD,569225500,1.9,-76.6,20161827,-238862,-3,18287659823,-1975383901
201712,20170320~20170326,7,7,비정규직 특수요원,146803,32062,2017-03-16,453,4356,-74.7,OLD,225697500,0.8,-71.7,20167905,-81428,-3,1127451200,-667680200
201712,20170320~20170326,8,8,라라랜드,3473798,20300,2016-12-07,161,1098,-48.8,OLD,159260100,0.5,-47.9,20167904,-18700,-2,29023570433,-151936800
201712,20170320~20170326,9,9,밤의 해변에서 혼자,20209,19808,2017-03-23,129,1160,4867.0,OLD,159342200,0.5,4839.7,20179442,19407,54,162550200,156134200
201712,20170320~20170326,10,10,극장판 암살교실 : 365일의 시간,18560,18276,2017-03-23,98,620,5434.4,OLD,135924500,0.5,6335.2,20171801,17992,65,138380500,133468500
201713,20170327~20170402,1,1,미녀와 야수,4097371,992707,2017-03-16,1123,26522,-38.2,OLD,7797369983,30.0,-35.3,20164721,-540527,0,33739003676,-4826926461
201713,20170327~20170402,2,2,프리즌,2214824,971156,2017-03-23,977,27083,-25.3,OLD,7628161817,29.4,-20.8,20162181,-254696,0,17998546640,-2589443006
201713,20170327~20170402,3,3,공각기동대 : 고스트 인 더 쉘,569701,569701,2017-03-29,807,18715,100.0,NEW,4708893037,18.1,100.0,20163194,569701,0,4708893037,4708893037
201713,20170327~20170402,4,4,원라인,291031,281706,2017-03-29,613,10661,2910.6,OLD,2148670333,8.3,3264.5,20151230,273333,14,2226421333,2077301333
201713,20170327~20170402,5,5,히든 피겨스,287487,148204,2017-03-23,447,6123,10.6,OLD,1141947300,4.4,18.4,20167363,23071,-1,2291143533,109055867
201713,20170327~20170402,6,6,보통사람,366697,111470,2017-03-23,567,8101,-59.7,OLD,811882500,3.1,-55.9,20167902,-141485,-3,2839343823,-1200512823
201713,20170327~20170402,7,7,데스노트: 더 뉴 월드,22822,22420,2017-03-29,309,2369,5110.7,OLD,172107963,0.7,5477.1,20167005,22018,55,175410963,168804963
201713,20170327~20170402,8,8,미스 슬로운,22194,20776,2017-03-29,104,1240,2781.0,OLD,162487500,0.6,2847.0,20167364,20071,37,173477500,156847500
201713,20170327~20170402,9,9,밤의 해변에서 혼자,40725,20516,2017-03-23,133,1463,-4.5,OLD,152126600,0.6,3.6,20179442,708,0,314676800,-7215600
201713,20170327~20170402,10,10,콩: 스컬 아일랜드,1688976,14706,2017-03-08,346,1759,-88.8,OLD,108040800,0.4,-88.2,20168183,-110375,-5,13985192883,-859592200
201714,20170403~20170409,1,1,미녀와 야수,4622028,524657,2017-03-16,959,20602,-45.3,OLD,4267890903,24.6,-47.1,20164721,-468050,0,38006894579,-3529479080
201714,20170403~20170409,2,2,프리즌,2675734,460910,2017-03-23,791,20529,-50.8,OLD,3749563447,21.7,-52.5,20162181,-510246,0,21748110087,-3878598370
201714,20170403~20170409,3,3,라이프,331156,329709,2017-04-05,647,14912,24951.2,OLD,2765329618,16.0,22685.7,20171381,328262,33,2776368318,2754290918
201714,20170403~20170409,4,4,공각기동대 : 고스트 인 더 쉘,735336,165635,2017-03-29,736,13709,-71.3,OLD,1353465147,7.8,-70.9,20163194,-404066,-1,6062358184,-3355427890
201714,20170403~20170409,5,5,어느날,162956,160291,2017-04-05,532,9617,6915.8,OLD,1287537482,7.4,5953.3,20167901,157643,25,1306008482,1269185482
201714,20170403~20170409,6,6,원라인,412699,121668,2017-03-29,554,7633,-56.4,OLD,937200600,5.4,-56.8,20151230,-160038,-2,3163621933,-1211469733
201714,20170403~20170409,7,7,시간위의 집,98433,93345,2017-04-05,454,7081,1905.4,OLD,755057100,4.4,1734.6,20161923,88257,13,792707700,717406500
201714,20170403~20170409,8,8,히든 피겨스,366056,78569,2017-03-23,360,4126,-44.7,OLD,631019800,3.6,-47.0,20167363,-69635,-3,2922163333,-510927500
201714,20170403~20170409,9,9,패트리어트 데이,58122,48279,2017-04-06,375,3937,747.4,OLD,386320118,2.2,775.6,20171781,42765,9,468198618,340729618
201714,20170403~20170409,10,10,슈퍼 버드,18039,16874,2017-04-06,288,1119,1265.8,OLD,125875800,0.7,1348.4,20162607,15709,29,135091800,116659800
201715,20170410~20170416,1,1,분노의 질주: 더 익스트림,1428592,1428392,2017-04-12,1469,33206,600444.9,OLD,12010898292,57.3,714096.0,20167542,1428192,82,12012898292,12008898292
201715,20170410~20170416,2,2,아빠는 딸,278414,274221,2017-04-12,520,10727,7425.3,OLD,2189874358,10.4,7349.6,20151227,270540,18,2223070358,2160774358
201715,20170410~20170416,3,3,미녀와 야수,4864723,242695,2017-03-16,653,13590,-54.1,OLD,1959995400,9.3,-53.7,20164721,-281962,-2,39966889979,-2307895503
201715,20170410~20170416,4,4,프리즌,2850134,174400,2017-03-23,646,12369,-62.7,OLD,1397830600,6.7,-62.2,20162181,-286510,-2,23145940687,-2351732847
201715,20170410~20170416,5,5,라이프,435158,104002,2017-04-05,572,9670,-70.1,OLD,825927992,3.9,-68.5,20171381,-225707,-2,3602296310,-1939401626
201715,20170410~20170416,6,6,어느날,220707,57751,2017-04-05,468,6194,-65.7,OLD,442054400,2.1,-64.0,20167901,-102540,-1,1748062882,-845483082
201715,20170410~20170416,7,7,히든 피겨스,403545,37489,2017-03-23,249,2275,-52.6,OLD,299344800,1.4,-52.3,20167363,-41080,1,3221508133,-331675000
201715,20170410~20170416,8,8,시간위의 집,125702,27269,2017-04-05,412,3211,-73.0,OLD,203969100,1.0,-70.8,20161923,-66076,-1,996676800,-551088000
201715,20170410~20170416,9,9,공각기동대 : 고스트 인 더 쉘,757594,22258,2017-03-29,438,3304,-87.0,OLD,175576700,0.8,-86.6,20163194,-143377,-5,6237934884,-1177888447
201715,20170410~20170416,10,10,원라인,430116,17417,2017-03-29,346,2012,-86.4,OLD,127256000,0.6,-85.7,20151230,-104251,-4,3290877933,-809944600
201716,20170417~20170423,1,1,분노의 질주: 더 익스트림,2581463,1152871,2017-04-12,1330,43217,-20.9,OLD,9505997611,57.6,-19.3,20167542,-275521,0,21518895903,-2504900681
201716,20170417~20170423,2,2,아빠는 딸,541637,263223,2017-04-12,586,14168,-5.7,OLD,2063995500,12.5,-4.0,20151227,-10998,0,4287065858,-125878858
201716,20170417~20170423,3,3,미녀와 야수,5023183,158460,2017-03-16,613,9500,-34.7,OLD,1280502300,7.8,-34.7,20164721,-84235,0,41247392279,-679493100
201716,20170417~20170423,4,4,프리즌,2920530,70396,2017-03-23,449,6578,-59.8,OLD,561493100,3.4,-59.6,20162181,-104004,0,23707433787,-836337500
201716,20170417~20170423,5,5,파워레인져스: 더 비기닝,62029,61552,2017-04-20,479,5515,13266.2,OLD,489736961,3.0,12804.0,20179662,61075,48,493400961,486072961
201716,20170417~20170423,6,6,오두막,29329,29277,2017-04-20,396,2978,78529.2,OLD,229597200,1.4,66438.6,20172541,29233,131,229937200,229305200
201716,20170417~20170423,7,7,히든 피겨스,428291,24746,2017-03-23,166,1497,-33.6,OLD,198891800,1.2,-34.0,20167363,-12743,0,3420399933,-100453000
201716,20170417~20170423,8,8,라이프,457539,22381,2017-04-05,419,2878,-79.2,OLD,171867000,1.0,-78.5,20171381,-81621,-3,3774163310,-654060992
201716,20170417~20170423,9,9,가디언즈 오브 갤럭시,1329992,18802,2014-07-31,77,779,100.0,NEW,166174800,1.0,100.0,20149317,18802,0,11264413984,166174800
201716,20170417~20170423,10,10,파운더,19866,18586,2017-04-20,288,2046,1436.7,OLD,151410300,0.9,1494.0,20172125,17420,28,161891100,141557500
201717,20170424~20170430,1,1,특별시민,904244,899870,2017-04-26,1154,27764,17304.7,OLD,6950856045,31.4,20473.2,20162871,895496,25,6990792645,6910919445
201717,20170424~20170430,2,2,임금님의 사건수첩,722337,711329,2017-04-26,1054,24859,6477.7,OLD,5513743918,24.9,6789.4,20161726,701004,14,5602380918,5429918918
201717,20170424~20170430,3,3,분노의 질주: 더 익스트림,3199324,617861,2017-04-12,1211,23831,-48.7,OLD,4875183445,22.0,-46.4,20167542,-535010,-2,26394079348,-4630814166
201717,20170424~20170430,4,4,스머프: 비밀의 숲,159854,158638,2017-04-28,607,3237,100.0,NEW,1190098900,5.4,100.0,20161665,158638,0,1201260900,1190098900
201717,20170424~20170430,5,5,아빠는 딸,629652,88015,2017-04-12,534,7202,-68.7,OLD,645604637,2.9,-66.6,20151227,-175208,-3,4932670495,-1418390863
201717,20170424~20170430,6,6,미녀와 야수,5094113,70930,2017-03-16,454,4159,-57.3,OLD,546626600,2.5,-55.2,20164721,-87530,-3,41794018879,-733875700
201717,20170424~20170430,7,7,극장판 또봇: 로봇군단의 습격,57193,54865,2017-04-27,231,1369,2177.2,OLD,432710300,2.0,2256.7,20174165,52537,29,451712300,413708300
201717,20170424~20170430,8,8,"서서평, 천천히 평온하게",40346,37369,2017-04-26,234,1344,2030.5,OLD,278430300,1.3,1922.1,20173301,35521,32,300361300,265361300
201717,20170424~20170430,9,9,오두막,49328,19999,2017-04-20,375,1770,-36.7,OLD,145245300,0.7,-31.7,20172541,-9278,-3,375182500,-84351900
201717,20170424~20170430,10,10,극장판 쿠로코의 농구 라스트 게임,14752,14752,2017-04-27,96,791,100.0,NEW,112475000,0.5,100.0,20175142,14752,0,112475000,112475000
201718,20170501~20170507,1,1,가디언즈 오브 갤럭시 VOL. 2,1723838,1723836,2017-05-03,1218,27994,124115544.6,OLD,14893877355,29.0,86191700.0,20163603,1723834,241,14893889355,14893865355
201718,20170501~20170507,2,2,보안관,1260145,1243019,2017-05-03,1091,16474,9065.7,OLD,10160947640,19.8,9825.1,20162722,1230495,9,10307820540,10050088740
201718,20170501~20170507,3,3,보스 베이비,1207265,1205369,2017-05-03,1116,15860,73823.3,OLD,9284771635,18.1,76675.1,20174061,1203799,31,9299939635,9272211635
201718,20170501~20170507,4,4,임금님의 사건수첩,1493047,770710,2017-04-26,1038,19567,8.8,OLD,5997947405,11.7,8.3,20161726,59381,-2,11600328323,484203487
201718,20170501~20170507,5,5,특별시민,1334084,429840,2017-04-26,1134,16102,-52.5,OLD,3302253300,6.4,-52.2,20162871,-470030,-4,10293045945,-3648602745
201718,20170501~20170507,6,6,분노의 질주: 더 익스트림,3591554,392230,2017-04-12,755,9703,-36.4,OLD,3099437400,6.0,-36.5,20167542,-225631,-3,29493516748,-1775746045
201718,20170501~20170507,7,7,스머프: 비밀의 숲,386159,226305,2017-04-28,537,5676,36.5,OLD,1624844100,3.2,42.7,20161665,67667,-3,2826105000,434745200
201718,20170501~20170507,8,8,슈퍼 빼꼼: 스파이 대작전,77067,74592,2017-05-03,358,2227,7354.1,OLD,537736200,1.0,8347.6,20173061,73709,37,557076200,530522200
201718,20170501~20170507,9,9,극장판 또봇: 로봇군단의 습격,128099,70906,2017-04-27,187,1848,23.4,OLD,534024300,1.0,29.2,20174165,16041,-2,985736600,101314000
201718,20170501~20170507,10,10,미녀와 야수,5132306,38193,2017-03-16,250,1088,-45.9,OLD,295810600,0.6,-46.2,20164721,-32737,-4,42089829479,-250816000
201719,20170508~20170514,1,1,에이리언: 커버넌트,959957,958712,2017-05-09,841,21542,58069.9,OLD,7966366164,23.1,76905.0,20179382,957467,38,7980061164,7952671164
201719,20170508~20170514,2,2,보안관,2206565,946420,2017-05-03,947,24066,-24.9,OLD,7626232969,22.1,-23.9,20162722,-296599,0,17934053509,-2534714671
201719,20170508~20170514,3,3,보스 베이비,1922021,714756,2017-05-03,771,14706,-39.9,OLD,5577342569,16.1,-40.7,20174061,-490613,0,14877282204,-3707429066
201719,20170508~20170514,4,4,가디언즈 오브 갤럭시 VOL. 2,2425685,701847,2017-05-03,999,20636,-59.4,OLD,6050536331,17.5,-59.3,20163603,-1021989,-3,20944425686,-8843341024
201719,20170508~20170514,5,5,석조저택 살인사건,291889,288169,2017-05-09,539,11503,11938.5,OLD,2341249586,6.8,11394.6,20156708,285662,27,2370301586,2321801586
201719,20170508~20170514,6,6,목소리의 형태,202626,193525,2017-05-09,466,6279,2884.5,OLD,1526820914,4.4,3128.1,20170321,187530,17,1606506414,1475662614
201719,20170508~20170514,7,7,임금님의 사건수첩,1612718,119671,2017-04-26,601,6708,-84.8,OLD,910721200,2.6,-84.5,20161726,-651039,-3,12511049523,-5087226205
201719,20170508~20170514,8,8,분노의 질주: 더 익스트림,3645767,54213,2017-04-12,439,2629,-86.1,OLD,431835300,1.3,-86.2,20167542,-338017,-2,29925352048,-2667602100
201719,20170508~20170514,9,9,킹 아서: 제왕의 검,50750,47879,2017-05-17,256,1400,100.0,NEW,422201300,1.2,100.0,20173961,47879,0,447659300,422201300
201719,20170508~20170514,10,10,스머프: 비밀의 숲,420615,34456,2017-04-28,247,1319,-84.5,OLD,251518600,0.7,-84.8,20161665,-191849,-3,3077623600,-1373325500
201720,20170515~20170521,1,1,겟 아웃,1003999,1003725,2017-05-17,945,17219,380753.7,OLD,8348312155,32.1,366223.0,20175262,1003451,68,8350504155,8346120155
201720,20170515~20170521,2,2,불한당: 나쁜 놈들의 세상,589914,571012,2017-05-17,860,18981,2948.6,OLD,4677048945,18.0,3190.6,20164844,553659,10,4842202745,4523635145
201720,20170515~20170521,3,3,보안관,2509467,302902,2017-05-03,732,16291,-69.4,OLD,2330925600,9.0,-68.0,20162722,-643518,-1,20264979109,-5295307369
201720,20170515~20170521,4,4,보스 베이비,2210194,288173,2017-05-03,645,9336,-59.8,OLD,2240252100,8.6,-59.7,20174061,-426583,-1,17117534304,-3337090469
201720,20170515~20170521,5,5,에이리언: 커버넌트,1244927,284970,2017-05-09,776,15164,-71.3,OLD,2282488700,8.8,-70.3,20179382,-673742,-4,10262549864,-5683877464
201720,20170515~20170521,6,6,킹 아서: 제왕의 검,329889,279139,2017-05-17,588,11138,441.0,OLD,2284000155,8.8,483.0,20173961,231260,3,2731659455,1861798855
201720,20170515~20170521,7,7,가디언즈 오브 갤럭시 VOL. 2,2663814,238129,2017-05-03,672,10813,-67.9,OLD,1941339300,7.5,-66.1,20163603,-463718,-3,22885764986,-4109197031
201720,20170515~20170521,8,8,목소리의 형태,258840,56214,2017-05-09,418,3435,-71.7,OLD,432190500,1.7,-71.0,20170321,-137311,-2,2038696914,-1094630414
201720,20170515~20170521,9,9,석조저택 살인사건,346044,54155,2017-05-09,458,5559,-82.8,OLD,402258400,1.5,-81.2,20156708,-234014,-4,2772559986,-1938991186
201720,20170515~20170521,10,10,임금님의 사건수첩,1631220,18502,2017-04-26,371,1643,-86.7,OLD,121184700,0.5,-84.5,20161726,-101169,-3,12632234223,-789536500
201721,20170522~20170528,1,1,캐리비안의 해적: 죽은 자는 말이 없다,1526655,1526655,2017-05-24,1357,34283,100.0,NEW,12902755720,43.4,100.0,20170982,1526655,0,12902755720,12902755720
201721,20170522~20170528,2,2,겟 아웃,1722808,718809,2017-05-17,796,21646,-30.2,OLD,5826115520,19.6,-28.4,20175262,-284916,-1,14176619675,-2522196635
201721,20170522~20170528,3,3,노무현입니다,596691,594789,2017-05-25,775,12879,40639.7,OLD,4892027812,16.4,31171.8,20174602,592887,28,4904035812,4880019812
201721,20170522~20170528,4,4,불한당: 나쁜 놈들의 세상,846266,256352,2017-05-17,767,13814,-56.6,OLD,2027630780,6.8,-55.1,20164844,-314660,-2,6869833525,-2649418165
201721,20170522~20170528,5,5,보스 베이비,2340536,130342,2017-05-03,500,5052,-55.3,OLD,1001732800,3.4,-54.8,20174061,-157831,-1,18119267104,-1238519300
201721,20170522~20170528,6,6,킹 아서: 제왕의 검,408198,78309,2017-05-17,532,6755,-74.2,OLD,589849000,2.0,-71.9,20173961,-200830,0,3321508455,-1694151155
201721,20170522~20170528,7,7,보안관,2575570,66103,2017-05-03,512,5753,-78.8,OLD,494163400,1.7,-78.2,20162722,-236799,-4,20759142509,-1836762200
201721,20170522~20170528,8,8,가디언즈 오브 갤럭시 VOL. 2,2722323,58509,2017-05-03,462,3546,-76.0,OLD,465197300,1.6,-75.4,20163603,-179620,-1,23350962286,-1476142000
201721,20170522~20170528,9,9,에이리언: 커버넌트,1296444,51517,2017-05-09,489,4349,-82.5,OLD,399726500,1.3,-81.9,20179382,-233453,-4,10662276364,-1882762200
201721,20170522~20170528,10,10,너와 100번째 사랑,30132,28481,2017-05-25,140,1206,17350.0,OLD,231735500,0.8,17057.2,20173642,28315,76,244874800,230407500
201722,20170529~20170604,1,1,원더 우먼,1158394,1158394,2017-05-31,1034,22076,100.0,NEW,9459525698,31.2,100.0,20168261,1158394,0,9459525698,9459525698
201722,20170529~20170604,2,2,캐리비안의 해적: 죽은 자는 말이 없다,2430495,903840,2017-05-24,1212,27931,-44.8,OLD,7124163502,23.5,-40.8,20170982,-622815,-1,20026919222,-5778592218
201722,20170529~20170604,3,3,대립군,594507,589116,2017-05-31,809,16681,10097.5,OLD,4465706502,14.7,11242.2,20169348,583922,12,4511271502,4421914502
201722,20170529~20170604,4,4,노무현입니다,1176749,580058,2017-05-25,710,18243,-9.8,OLD,4413093100,14.5,-2.5,20174602,-14731,-1,9317128912,-478934712
201722,20170529~20170604,5,5,겟 아웃,2008751,285943,2017-05-17,580,11641,-61.7,OLD,2231007400,7.4,-60.2,20175262,-432866,-3,16407627075,-3595108120
201722,20170529~20170604,6,6,불한당: 나쁜 놈들의 세상,908271,62005,2017-05-17,486,3931,-77.0,OLD,466918100,1.5,-75.8,20164844,-194347,-2,7336751625,-1560712680
201722,20170529~20170604,7,7,베이블레이드 버스트 갓 : 갓 발키리의 탄생,49448,48986,2017-06-01,198,1068,8816.9,OLD,370764900,1.2,10503.0,20176141,48524,50,374922900,366606900
201722,20170529~20170604,8,8,보스 베이비,2385976,45440,2017-05-03,262,1751,-66.5,OLD,335187300,1.1,-65.1,20174061,-84902,-3,18454454404,-666545500
201722,20170529~20170604,9,9,너와 100번째 사랑,59146,29014,2017-05-25,122,1560,-3.8,OLD,222879500,0.7,1.9,20173642,533,1,467754300,-8856000
201722,20170529~20170604,10,10,7번째 내가 죽던 날,25947,24808,2017-05-31,230,1902,8196.3,OLD,189736500,0.6,7928.5,20174803,24499,58,198539500,187449500
201723,20170605~20170611,1,1,미이라,2384201,2383951,2017-06-06,1257,41221,615276.6,OLD,19999741001,49.4,953480.4,20166488,2383701,77,20002991001,19996491001
201723,20170605~20170611,2,2,원더 우먼,1859930,701536,2017-05-31,996,19067,-40.8,OLD,5602210549,13.8,-39.4,20168261,-456858,-1,15061736247,-3857315149
201723,20170605~20170611,3,3,악녀,458838,457326,2017-06-08,679,10523,39795.2,OLD,3774087549,9.3,36840.7,20162343,456088,28,3785465549,3764627549
201723,20170605~20170611,4,4,캐리비안의 해적: 죽은 자는 말이 없다,2881416,450921,2017-05-24,732,13192,-49.5,OLD,3595122400,8.9,-50.1,20170982,-452919,-2,23622041622,-3529041102
201723,20170605~20170611,5,5,노무현입니다,1567822,391073,2017-05-25,593,11833,-30.7,OLD,3058198100,7.6,-32.6,20174602,-188985,-1,12375327012,-1354895000
201723,20170605~20170611,6,6,대립군,792640,198133,2017-05-31,687,9295,-66.4,OLD,1500141300,3.7,-66.4,20169348,-390983,-3,6011412802,-2965565202
201723,20170605~20170611,7,7,겟 아웃,2105869,97118,2017-05-17,469,3886,-65.2,OLD,776668000,1.9,-66.0,20175262,-188825,-2,17184295075,-1454339400
201723,20170605~20170611,8,8,베이블레이드 버스트 갓 : 갓 발키리의 탄생,103135,53687,2017-06-01,187,1267,9.1,OLD,404515000,1.0,9.6,20176141,4701,-1,779437900,33750100
201723,20170605~20170611,9,9,보스 베이비,2432721,46745,2017-05-03,182,1015,3.2,OLD,346042800,0.9,2.9,20174061,1305,-1,18800497204,10855500
201723,20170605~20170611,10,10,바다 탐험대 옥토넛 시즌4: 더 파이널,61644,37587,2017-06-01,167,1220,57.9,OLD,244323500,0.6,58.7,20174821,13908,1,401670500,89622500
201724,20170612~20170618,1,1,미이라,3240885,856684,2017-06-06,1094,37824,-65.1,OLD,6988403379,32.6,-64.1,20166488,-1527267,0,26991394380,-13011337622
201724,20170612~20170618,2,2,하루,565894,561452,2017-06-15,781,15799,13896.0,OLD,4615732618,21.5,14896.0,20166384,557708,20,4654295618,4582753618
201724,20170612~20170618,3,3,악녀,927060,468222,2017-06-08,685,18741,-0.5,OLD,3756897521,17.5,2.4,20162343,10896,0,7542363070,-17190028
201724,20170612~20170618,4,4,원더 우먼,2080039,220109,2017-05-31,557,11439,-68.8,OLD,1748585639,8.1,-68.6,20168261,-481427,-2,16810321886,-3853624910
201724,20170612~20170618,5,5,노무현입니다,1722990,155168,2017-05-25,518,9208,-60.7,OLD,1200610300,5.6,-60.3,20174602,-235905,0,13575937312,-1857587800
201724,20170612~20170618,6,6,캐리비안의 해적: 죽은 자는 말이 없다,3007084,125668,2017-05-24,450,7230,-71.8,OLD,1013918200,4.7,-72.1,20170982,-325253,-2,24635959822,-2581204200
201724,20170612~20170618,7,7,나의 붉은고래,45432,41121,2017-06-15,390,3745,1850.7,OLD,324263500,1.5,1627.8,20175423,38741,18,353957500,307640500
201724,20170612~20170618,8,8,꼬마참새 리차드: 아프리카 원정대,33477,30640,2017-06-15,319,1258,1161.8,OLD,231524600,1.1,1245.0,20176741,28362,18,254345600,213175600
201724,20170612~20170618,9,9,대립군,815757,23117,2017-05-31,390,2601,-89.3,OLD,160260700,0.7,-88.3,20169348,-175016,-3,6171673502,-1339880600
201724,20170612~20170618,10,10,꼬마돼지 베이브의 대모험,21755,20652,2017-06-15,312,1165,9620.3,OLD,151345700,0.7,6540.5,20172241,20341,61,158275700,149788700
201725,20170619~20170625,1,1,트랜스포머: 최후의 기사,1750613,1750613,2017-06-21,1739,40499,100.0,NEW,14655983828,57.0,100.0,20166967,1750613,0,14655983828,14655983828
201725,20170619~20170625,2,2,하루,989152,423258,2017-06-15,733,18339,-27.2,OLD,3362404454,13.1,-24.6,20166384,-138194,0,8016700072,-1253328164
201725,20170619~20170625,3,3,미이라,3562454,321569,2017-06-06,844,17387,-63.4,OLD,2559767598,10.0,-62.5,20166488,-535115,-2,29551161978,-4428635781
201725,20170619~20170625,4,4,악녀,1127499,200439,2017-06-08,617,10372,-57.7,OLD,1590617774,6.2,-57.2,20162343,-267783,-1,9132980844,-2166279747
201725,20170619~20170625,5,5,노무현입니다,1798055,75065,2017-05-25,463,5057,-52.2,OLD,573488500,2.2,-51.6,20174602,-80103,0,14149425812,-627121800
201725,20170619~20170625,6,6,원더 우먼,2141574,61535,2017-05-31,441,3888,-72.5,OLD,481520300,1.9,-72.0,20168261,-158574,-2,17291842186,-1267065339
201725,20170619~20170625,7,7,더 서클,50118,49088,2017-06-22,169,3027,5654.1,OLD,411997000,1.6,5224.1,20176201,48166,35,420021000,404837000
201725,20170619~20170625,8,8,캐리비안의 해적: 죽은 자는 말이 없다,3039593,32509,2017-05-24,352,2101,-74.6,OLD,258016100,1.0,-74.1,20170982,-93159,-2,24893975922,-755902100
201725,20170619~20170625,9,9,다크 하우스,28965,28839,2017-06-22,278,2001,23534.6,OLD,238237000,0.9,22788.1,20175982,28713,83,239245000,237229000
201725,20170619~20170625,10,10,언더더씨,22351,22351,2017-06-22,163,798,100.0,NEW,173810300,0.7,100.0,20175821,22351,0,173810300,173810300
201726,20170626~20170702,1,1,박열,1180561,1164624,2017-06-28,1176,25212,17689.9,OLD,8990218470,40.6,16954.1,20178982,1157795,17,9118256970,8939682970
201726,20170626~20170702,2,2,트랜스포머: 최후의 기사,2418138,667525,2017-06-21,1539,31376,-63.7,OLD,5324148600,24.1,-61.9,20166967,-1083088,-1,19980132428,-9331835228
201726,20170626~20170702,3,3,리얼,373721,373295,2017-06-28,970,16783,70576.7,OLD,2692782530,12.2,87527.9,20159647,372869,63,2696592530,2688972530
201726,20170626~20170702,4,4,하루,1111858,122706,2017-06-15,630,9080,-72.4,OLD,927768870,4.2,-71.0,20166384,-300552,-2,8944468942,-2434635584
201726,20170626~20170702,5,5,옥자,116847,111993,2017-06-29,111,1441,100.0,NEW,862044400,3.9,100.0,20158485,111993,0,896858400,862044400
201726,20170626~20170702,6,6,미이라,3661281,98827,2017-06-06,534,6154,-70.4,OLD,757537100,3.4,-69.3,20166488,-222742,-3,30308699078,-1802230498
201726,20170626~20170702,7,7,악녀,1192888,65389,2017-06-08,470,4559,-68.7,OLD,497327500,2.2,-67.4,20162343,-135050,-3,9630308344,-1093290274
201726,20170626~20170702,8,8,지랄발광 17세,39721,38063,2017-06-28,86,1918,5861.3,OLD,302359500,1.4,5903.6,20176961,37429,42,316435000,297287500
201726,20170626~20170702,9,9,노무현입니다,1831193,33138,2017-05-25,315,2382,-58.4,OLD,238766000,1.1,-55.9,20174602,-41927,-4,14388191812,-334722500
201726,20170626~20170702,10,10,더 서클,68616,18498,2017-06-22,161,2164,-66.2,OLD,139141900,0.6,-62.3,20176201,-30590,-3,559162900,-272855100
201727,20170703~20170709,1,1,스파이더맨: 홈 커밍,3563946,3561853,2017-07-05,1965,49033,149830.8,OLD,29452413824,76.1,170079.3,20167303,3559760,28,29472057824,29432769824
201727,20170703~20170709,2,2,박열,1842240,661679,2017-06-28,1102,25960,-43.3,OLD,5097909426,13.2,-43.2,20178982,-502945,-1,14216166396,-3892309044
201727,20170703~20170709,3,3,트랜스포머: 최후의 기사,2566880,148742,2017-06-21,807,10874,-78.2,OLD,1160866600,3.0,-77.7,20166967,-518783,-1,21140999028,-4163282000
201727,20170703~20170709,4,4,옥자,215145,98298,2017-06-29,104,2134,-14.3,OLD,738788100,1.9,-12.2,20158485,-13695,1,1635646500,-123256300
201727,20170703~20170709,5,5,리얼,448432,74711,2017-06-28,635,6989,-80.2,OLD,532438700,1.4,-80.0,20159647,-298584,-2,3229031230,-2160343830
201727,20170703~20170709,6,6,지랄발광 17세,71400,31679,2017-06-28,119,2323,-17.7,OLD,248734100,0.6,-16.8,20176961,-6384,2,565169100,-53625400
201727,20170703~20170709,7,7,미이라,3678083,16802,2017-06-06,287,1624,-83.4,OLD,125992900,0.3,-83.0,20166488,-82025,-1,30434691978,-631544200
201727,20170703~20170709,8,8,하루,1127764,15906,2017-06-15,379,2261,-87.5,OLD,116120400,0.3,-87.0,20166384,-106800,-4,9060589342,-811648470
201727,20170703~20170709,9,9,헤드윅,31740,12248,2002-08-09,90,842,-14.5,OLD,96538800,0.2,-10.9,20020186,-1502,5,246984131,-16399231
201727,20170703~20170709,10,10,노무현입니다,1842323,11130,2017-05-25,163,989,-65.6,OLD,82174900,0.2,-66.4,20174602,-22008,-1,14470366712,-156591100
201728,20170710~20170716,1,1,스파이더맨: 홈 커밍,5902826,2338880,2017-07-05,1797,62794,-35.7,OLD,18938316649,66.6,-34.3,20167303,-1222973,0,48410374473,-10514097175
201728,20170710~20170716,2,2,박열,2212215,369975,2017-06-28,710,16781,-44.8,OLD,2814196199,9.9,-44.1,20178982,-291704,0,17030362595,-2283713227
201728,20170710~20170716,3,3,카3: 새로운 도전,288762,283998,2017-07-13,800,6712,4753.1,OLD,2118179001,7.4,5861.3,20175522,279234,15,2161825001,2074533001
201728,20170710~20170716,4,4,플립,134623,133859,2017-07-12,249,3737,16376.9,OLD,1094595200,3.8,17420.8,20177501,133095,41,1101238400,1087952000
201728,20170710~20170716,5,5,내 사랑,85996,81520,2017-07-12,233,2943,5754.6,OLD,645990400,2.3,4861.7,20174801,79877,25,680767300,634956500
201728,20170710~20170716,6,6,다크 나이트,4148762,61170,2008-08-06,153,1984,3469.5,OLD,508777800,1.8,4873.2,20081056,59940,30,27569946800,494524300
201728,20170710~20170716,7,7,옥자,268452,53307,2017-06-29,93,1781,-46.0,OLD,398918400,1.4,-45.8,20158485,-44991,-3,2034564900,-339869700
201728,20170710~20170716,8,8,예수는 역사다,47752,43743,2017-07-13,217,1230,2062.0,OLD,321968800,1.1,1729.5,20176562,41352,19,349286800,307076800
201728,20170710~20170716,9,9,트랜스포머: 최후의 기사,2607123,40243,2017-06-21,382,3591,-73.6,OLD,306320200,1.1,-72.9,20166967,-108499,-6,21447319228,-854546400
201728,20170710~20170716,10,10,택시운전사,36825,36643,2017-08-02,83,180,13842.2,OLD,223354000,0.8,20033.5,20162869,36461,74,224956000,221752000
201729,20170717~20170723,1,1,덩케르크,1349619,1349619,2017-07-20,1252,29518,100.0,NEW,11647205243,38.5,100.0,20164621,1349619,0,11647205243,11647205243
201729,20170717~20170723,2,2,스파이더맨: 홈 커밍,6855260,952434,2017-07-05,1617,38403,-59.6,OLD,7649100007,25.3,-59.3,20167303,-1386446,-1,56059474480,-11289216642
201729,20170717~20170723,3,3,47 미터,439979,437933,2017-07-19,733,11430,20383.8,OLD,3539602957,11.7,21304.3,20177181,435887,25,3556882957,3522322957
201729,20170717~20170723,4,4,카3: 새로운 도전,432344,143582,2017-07-13,538,6071,-50.3,OLD,1052466200,3.5,-49.4,20175522,-140416,-1,3214291201,-1065712801
201729,20170717~20170723,5,5,극장판 짱구는 못말려 : 습격!! 외계인 덩덩이,137959,136901,2017-07-20,547,2470,9855.3,OLD,1031065300,3.4,12839.6,20178321,135843,38,1041422300,1020708300
201729,20170717~20170723,6,6,플립,267916,133293,2017-07-12,219,5579,-3.9,OLD,1052265100,3.5,-0.4,20177501,-566,-2,2153503500,-42330100
201729,20170717~20170723,7,7,박열,2338871,126656,2017-06-28,602,8832,-66.9,OLD,931892900,3.1,-65.8,20178982,-243319,-5,17962255495,-1882303299
201729,20170717~20170723,8,8,내 사랑,169187,83191,2017-07-12,212,3609,1.6,OLD,656577000,2.2,2.0,20174801,1671,-3,1337344300,10586600
201729,20170717~20170723,9,9,예수는 역사다,106388,58636,2017-07-13,210,1869,30.3,OLD,419366500,1.4,34.0,20176562,14893,-1,768653300,97397700
201729,20170717~20170723,10,10,오즈: 신기한 마법가루,54998,49997,2017-07-20,343,1508,931.8,OLD,373218500,1.2,899.7,20177761,44996,11,409389500,337047500
201730,20170724~20170730,1,1,군함도,4070080,4061784,2017-07-26,2027,52152,54661.9,OLD,31217570540,58.1,51432.4,20161481,4053902,16,31277466540,31160564540
201730,20170724~20170730,2,2,슈퍼배드 3,1225839,1225565,2017-07-26,1057,17801,413308.9,OLD,9061922720,16.9,447186.5,20173403,1225291,69,9064114720,9059730720
201730,20170724~20170730,3,3,덩케르크,2179492,829873,2017-07-20,1153,23516,-39.3,OLD,7067740890,13.2,-38.5,20164621,-519746,-2,18714946133,-4579464353
201730,20170724~20170730,4,4,스파이더맨: 홈 커밍,7131999,276739,2017-07-05,879,10829,-72.6,OLD,2099206840,3.9,-70.9,20167303,-675695,-2,58158681320,-5549893167
201730,20170724~20170730,5,5,47 미터,572901,132922,2017-07-19,633,7797,-71.7,OLD,1002684300,1.9,-69.6,20177181,-305011,-2,4559567257,-2536918657
201730,20170724~20170730,6,6,극장판 짱구는 못말려 : 습격!! 외계인 덩덩이,237116,99157,2017-07-20,414,2992,-31.7,OLD,704298300,1.3,-27.6,20178321,-37744,-1,1745720600,-326767000
201730,20170724~20170730,7,7,플립,328717,60801,2017-07-12,185,2631,-55.9,OLD,463856800,0.9,-54.4,20177501,-72492,-1,2617360300,-588408300
201730,20170724~20170730,8,8,내 사랑,214243,45056,2017-07-12,174,1512,-52.9,OLD,309520025,0.6,-45.8,20174801,-38135,0,1646864325,-347056975
201730,20170724~20170730,9,9,카3: 새로운 도전,472712,40368,2017-07-13,394,1716,-73.2,OLD,281778100,0.5,-71.9,20175522,-103214,-5,3496069301,-770688100
201730,20170724~20170730,10,10,예수는 역사다,135885,29497,2017-07-13,136,865,-50.8,OLD,206181000,0.4,-49.7,20176562,-29139,-1,974834300,-213185500
201731,20170731~20170806,1,1,택시운전사,4361047,4275383,2017-08-02,1906,39846,27204.2,OLD,34080527436,49.5,26614.5,20162869,4259379,11,34642953436,33955709436
201731,20170731~20170806,2,2,군함도,6080649,2010569,2017-07-26,1848,40209,-50.5,OLD,15466429386,22.5,-50.5,20161481,-2051215,-1,46743895926,-15751141154
201731,20170731~20170806,3,3,슈퍼배드 3,2616327,1390488,2017-07-26,997,23162,11.2,OLD,10079973199,14.6,13.5,20173403,164923,-1,19144087919,1018050479
201731,20170731~20170806,4,4,덩케르크,2593808,414316,2017-07-20,691,8664,-46.4,OLD,3785970915,5.5,-50.1,20164621,-415557,-1,22500917048,-3281769975
201731,20170731~20170806,5,5,명탐정 코난:진홍의 연가,311932,310270,2017-08-02,582,5621,16822.1,OLD,2253848400,3.3,18568.5,20170124,308608,19,2267167400,2240529400
201731,20170731~20170806,6,6,스파이더맨: 홈 커밍,7240766,108767,2017-07-05,497,2714,-60.4,OLD,832026100,1.2,-60.7,20167303,-167972,-2,58990707420,-1267180740
201731,20170731~20170806,7,7,극장판 짱구는 못말려 : 습격!! 외계인 덩덩이,316654,79538,2017-07-20,263,1534,-21.2,OLD,554826100,0.8,-19.8,20178321,-19619,-1,2300546700,-149472200
201731,20170731~20170806,8,8,내 사랑,253557,39314,2017-07-12,100,963,-18.8,OLD,251352100,0.4,-12.7,20174801,-5742,0,1898216425,-58167925
201731,20170731~20170806,9,9,이모티: 더 무비,28250,28099,2017-08-02,134,1153,16965.6,OLD,206152400,0.3,18508.6,20179186,27948,82,207360400,204944400
201731,20170731~20170806,10,10,플립,349297,20580,2017-07-12,124,878,-65.6,OLD,159588800,0.2,-66.2,20177501,-40221,-3,2776949100,-304268000
201732,20170807~20170813,1,1,택시운전사,7937810,3576763,2017-08-02,1753,49731,-17.7,OLD,28053329560,45.6,-16.3,20162869,-698620,0,62696282996,-6027197876
201732,20170807~20170813,2,2,청년경찰,1948171,1917987,2017-08-09,1102,27974,10606.2,OLD,15197873094,24.7,11943.1,20162442,1902061,11,15457133294,15055919094
201732,20170807~20170813,3,3,애나벨 : 인형의 주인,934774,931723,2017-08-10,1006,11629,30738.0,OLD,7526932798,12.2,30438.3,20161081,928672,19,7551340798,7502524798
201732,20170807~20170813,4,4,슈퍼배드 3,3028287,411960,2017-07-26,785,10954,-70.7,OLD,2950856200,4.8,-70.4,20173403,-978528,-1,22094944119,-7129116999
201732,20170807~20170813,5,5,군함도,6465993,385344,2017-07-26,876,12816,-81.3,OLD,2890595942,4.7,-80.8,20161481,-1625225,-3,49634491868,-12575833444
201732,20170807~20170813,6,6,빅풋 주니어,131838,128805,2017-08-09,437,3128,8885.3,OLD,916410400,1.5,10414.7,20178641,127580,22,941413400,906211400
201732,20170807~20170813,7,7,덩케르크,2716807,122999,2017-07-20,433,2961,-66.7,OLD,1259409500,2.0,-70.3,20164621,-291317,-3,23760326548,-2526561415
201732,20170807~20170813,8,8,명탐정 코난:진홍의 연가,414156,102224,2017-08-02,456,3059,-67.3,OLD,736792500,1.2,-67.1,20170124,-208046,-3,3003959900,-1517055900
201732,20170807~20170813,9,9,극장판 도라에몽: 진구의 남극 꽁꽁 대모험,84133,82630,2017-08-10,351,1912,10482.5,OLD,595159500,1.0,11653.9,20179085,81927,30,607175500,589535500
201732,20170807~20170813,10,10,파리로 가는 길,53208,32447,2017-08-03,77,802,52.1,OLD,254113300,0.4,57.7,20178762,11872,1,422704900,87009700
201733,20170814~20170820,1,1,택시운전사,10352984,2415174,2017-08-02,1291,32066,-31.9,OLD,19114003453,29.4,-32.5,20162869,-1161589,0,81810286449,-8939326107
201733,20170814~20170820,2,2,청년경찰,3906404,1958233,2017-08-09,1019,28156,1.6,OLD,15438498947,23.8,2.1,20162442,40246,0,30895632241,240625853
201733,20170814~20170820,3,3,혹성탈출: 종의 전쟁,1540913,1534996,2017-08-15,1017,24257,22743.8,OLD,12726737903,19.6,29261.1,20179901,1529768,17,12788538003,12671025803
201733,20170814~20170820,4,4,애나벨 : 인형의 주인,1753606,818832,2017-08-10,922,15463,-13.4,OLD,6519008566,10.0,-12.1,20161081,-112891,-1,14070349364,-1007924232
201733,20170814~20170820,5,5,장산범,643962,635757,2017-08-17,711,10971,9498.0,OLD,5124180134,7.9,9671.9,20151003,629251,12,5189670134,5070792134
201733,20170814~20170820,6,6,슈퍼배드 3,3251835,223548,2017-07-26,505,4439,-45.8,OLD,1600161500,2.5,-45.7,20173403,-188412,-2,23695105619,-1350694700
201733,20170814~20170820,7,7,빅풋 주니어,256405,124567,2017-08-09,392,2570,-4.6,OLD,874109800,1.3,-3.3,20178641,-4238,-1,1815523200,-42300600
201733,20170814~20170820,8,8,군함도,6554420,88427,2017-07-26,471,2443,-77.3,OLD,657214600,1.0,-77.1,20161481,-296917,-3,50291706468,-2233381342
201733,20170814~20170820,9,9,극장판 도라에몽: 진구의 남극 꽁꽁 대모험,153618,69485,2017-08-10,322,1745,-18.2,OLD,486811600,0.7,-15.9,20179085,-13145,0,1093987100,-108347900
201733,20170814~20170820,10,10,공범자들,65970,60268,2017-08-17,208,1430,2191.6,OLD,492746100,0.8,2304.9,20179187,57762,12,539577100,471244100
201734,20170821~20170827,1,1,택시운전사,11368432,1015448,2017-08-02,954,23925,-58.6,OLD,7907040100,22.4,-58.0,20162869,-1399726,0,89717326549,-11206963353
201734,20170821~20170827,2,2,브이아이피,940323,938689,2017-08-23,996,20240,59175.2,OLD,7693923425,21.8,57347.3,20164174,937055,24,7706903425,7680943425
201734,20170821~20170827,3,3,청년경찰,4834124,927720,2017-08-09,817,23497,-52.9,OLD,7276028475,20.6,-52.6,20162442,-1030513,-1,38171660716,-8162470472
201734,20170821~20170827,4,4,장산범,1121885,477923,2017-08-17,648,13780,-27.0,OLD,3740919325,10.6,-24.8,20151003,-157834,1,8930589459,-1383260809
201734,20170821~20170827,5,5,혹성탈출: 종의 전쟁,1946789,405876,2017-08-15,764,14299,-74.3,OLD,3264852375,9.3,-73.6,20179901,-1129120,-2,16053390378,-9461885528
201734,20170821~20170827,6,6,애나벨 : 인형의 주인,1897937,144331,2017-08-10,483,5762,-82.1,OLD,1167665100,3.3,-82.4,20161081,-674501,-2,15238014464,-5351343466
201734,20170821~20170827,7,7,공범자들,149348,83378,2017-08-17,246,3055,33.7,OLD,658754000,1.9,38.3,20179187,23110,3,1198331100,166007900
201734,20170821~20170827,8,8,다크타워: 희망의 탑,80298,80298,2017-08-23,497,6131,100.0,NEW,637303875,1.8,100.0,20170022,80298,0,637303875,637303875
201734,20170821~20170827,9,9,슈퍼배드 3,3307911,56076,2017-07-26,308,2066,-74.8,OLD,403035500,1.1,-74.9,20173403,-167472,-3,24098141119,-1197126000
201734,20170821~20170827,10,10,빅풋 주니어,300223,43818,2017-08-09,205,1460,-65.4,OLD,302016900,0.9,-64.8,20178641,-80749,-3,2117540100,-572092900
201735,20170828~20170903,1,1,킬러의 보디가드,776937,760861,2017-08-30,482,10208,4263.1,OLD,6236331600,24.1,4632.9,20171962,744785,16,6379263900,6093399300
201735,20170828~20170903,2,2,청년경찰,5377301,543177,2017-08-09,733,18414,-43.2,OLD,4132337700,16.0,-41.5,20162442,-384543,1,42303998416,-3143690775
201735,20170828~20170903,3,3,택시운전사,11862984,494552,2017-08-02,863,17673,-53.1,OLD,3706746900,14.3,-51.3,20162869,-520896,-2,93424073449,-4200293200
201735,20170828~20170903,4,4,브이아이피,1315483,375160,2017-08-23,896,17766,-63.3,OLD,2825011576,10.9,-60.0,20164174,-563529,-2,10531915001,-4868911849
201735,20170828~20170903,5,5,발레리안: 천 개 행성의 도시,370138,361820,2017-08-30,629,11880,3396.0,OLD,2882793308,11.1,4338.4,20158047,353668,16,2966747308,2800333308
201735,20170828~20170903,6,6,장산범,1286804,164919,2017-08-17,559,7504,-66.2,OLD,1263023824,4.9,-65.5,20151003,-313004,-2,10193613283,-2477895501
201735,20170828~20170903,7,7,아토믹 블론드,114649,113097,2017-08-30,471,8084,6420.9,OLD,857231792,3.3,7187.2,20179491,111545,29,870377792,844085792
201735,20170828~20170903,8,8,로마의 휴일,111457,106350,2017-08-30,436,7716,2107.0,OLD,787993576,3.0,2339.8,20179407,101991,19,829113076,752290076
201735,20170828~20170903,9,9,혹성탈출: 종의 전쟁,2036947,90158,2017-08-15,489,4718,-78.8,OLD,693211000,2.7,-77.8,20179901,-315718,-4,16746601378,-2571641375
201735,20170828~20170903,10,10,공범자들,206599,57251,2017-08-17,245,2498,-33.7,OLD,436569200,1.7,-31.3,20179187,-26127,-3,1634900300,-222184800
201736,20170904~20170910,1,1,살인자의 기억법,1191407,1189512,2017-09-06,1064,24196,81595.4,OLD,9726656134,37.0,70285.3,20154909,1187822,35,9740464134,9714750134
201736,20170904~20170910,2,2,그것,572427,571977,2017-09-06,837,16390,132631.9,OLD,4778346926,18.2,127006.0,20179696,571527,61,4781946926,4774746926
201736,20170904~20170910,3,3,킬러의 보디가드,1273427,496490,2017-08-30,424,12480,-33.3,OLD,4159149200,15.8,-34.7,20171962,-264371,-2,10538413100,-2077182400
201736,20170904~20170910,4,4,택시운전사,12068019,205035,2017-08-02,646,11272,-58.3,OLD,1545177000,5.9,-58.5,20162869,-289517,-1,94969250449,-2161569900
201736,20170904~20170910,5,5,청년경찰,5576863,199562,2017-08-09,638,12740,-63.7,OLD,1500590200,5.7,-63.3,20162442,-343615,-3,43804588616,-2631747500
201736,20170904~20170910,6,6,발레리안: 천 개 행성의 도시,491321,121183,2017-08-30,570,8841,-67.6,OLD,932674700,3.5,-66.5,20158047,-240637,-1,3899422008,-1950118608
201736,20170904~20170910,7,7,극장판 에그엔젤 코코밍: 푸르밍과 두근두근 코코밍 세계,87890,87345,2017-09-07,232,1718,13564.0,OLD,670216900,2.5,15926.6,20171022,86800,52,675121900,665311900
201736,20170904~20170910,8,8,브이아이피,1364953,49470,2017-08-23,545,5467,-87.0,OLD,367783534,1.4,-86.8,20164174,-325690,-4,10899698535,-2457228042
201736,20170904~20170910,9,9,저수지 게임,47139,45037,2017-09-07,289,2110,1806.5,OLD,361236600,1.4,2042.6,20171923,42935,23,380184600,342288600
201736,20170904~20170910,10,10,아토믹 블론드,150895,36246,2017-08-30,421,3710,-68.0,OLD,273889266,1.0,-68.0,20179491,-76851,-3,1144267058,-583342526
201737,20170911~20170917,1,1,살인자의 기억법,2063878,872471,2017-09-06,1011,29858,-28.3,OLD,6977646981,34.4,-26.7,20154909,-317041,0,16718111115,-2749009153
201737,20170911~20170917,2,2,베이비 드라이버,422056,420819,2017-09-14,778,15586,100.0,NEW,3504713247,17.3,100.0,20171090,420819,0,3515096247,3504713247
201737,20170911~20170917,3,3,아메리칸 메이드,266362,266362,2017-09-14,691,12046,100.0,NEW,2156543072,10.6,100.0,20177541,266362,0,2156543072,2156543072
201737,20170911~20170917,4,4,그것,809789,237362,2017-09-06,739,12980,-59.8,OLD,1918939181,9.5,-58.5,20179696,-334615,-2,6700886107,-2859407745
201737,20170911~20170917,5,5,킬러의 보디가드,1496398,222971,2017-08-30,334,8576,-55.3,OLD,1861187100,9.2,-55.1,20171962,-273519,-2,12399600200,-2297962100
201737,20170911~20170917,6,6,택시운전사,12152676,84657,2017-08-02,513,5906,-58.7,OLD,638030200,3.1,-58.7,20162869,-120378,-2,95607280649,-907146800
201737,20170911~20170917,7,7,청년경찰,5638636,61773,2017-08-09,490,5840,-68.7,OLD,469690900,2.3,-69.0,20162442,-137789,-2,44274279516,-1030899300
201737,20170911~20170917,8,8,저수지 게임,93661,46522,2017-09-07,282,2795,0.8,OLD,364135600,1.8,3.3,20171923,1485,1,744320200,2899000
201737,20170911~20170917,9,9,몬스터 콜,46897,42605,2017-09-14,349,2981,1470.5,OLD,340373000,1.7,1555.8,20170607,40032,21,375624300,318699700
201737,20170911~20170917,10,10,극장판 에그엔젤 코코밍: 푸르밍과 두근두근 코코밍 세계,120878,32988,2017-09-07,164,1498,-61.9,OLD,255543700,1.3,-62.2,20171022,-54357,-3,930665600,-414673200
201738,20170918~20170924,1,1,아이 캔 스피크,726329,705111,2017-09-21,1140,22610,5955.5,OLD,5688106660,34.2,6151.5,20174142,693832,15,5868212060,5594173260
201738,20170918~20170924,2,2,살인자의 기억법,2473599,409721,2017-09-06,829,22626,-53.3,OLD,3261549677,19.6,-53.0,20154909,-462750,-1,19979660792,-3716097304
201738,20170918~20170924,3,3,베이비 드라이버,718162,296106,2017-09-14,716,17657,-32.0,OLD,2384462313,14.3,-29.6,20171090,-124713,-1,5899558560,-1120250934
201738,20170918~20170924,4,4,아메리칸 메이드,385861,119499,2017-09-14,613,11976,-57.9,OLD,908739073,5.5,-55.1,20177541,-146863,-1,3065282145,-1247803999
201738,20170918~20170924,5,5,킬러의 보디가드,1597219,100821,2017-08-30,232,5541,-54.8,OLD,841405800,5.1,-54.8,20171962,-122150,0,13241006000,-1019781300
201738,20170918~20170924,6,6,그것,872909,63120,2017-09-06,430,4910,-73.4,OLD,510630000,3.1,-73.4,20179696,-174242,-2,7211516107,-1408309181
201738,20170918~20170924,7,7,인비저블 게스트,44460,42888,2017-09-21,232,1961,4318.5,OLD,359226400,2.2,4294.3,20173945,41912,40,372124400,351096400
201738,20170918~20170924,8,8,잃어버린 도시 Z,35565,35320,2017-09-21,398,4280,14560.6,OLD,278990440,1.7,14316.3,20168241,35075,81,280893440,277087440
201738,20170918~20170924,9,9,몬스터 콜,75100,28203,2017-09-14,328,3091,-36.4,OLD,216536700,1.3,-33.8,20170607,-14402,0,592161000,-123836300
201738,20170918~20170924,10,10,택시운전사,12176753,24077,2017-08-02,320,2368,-71.9,OLD,179067500,1.1,-71.6,20162869,-60580,-4,95786348149,-458962700
201739,20170925~20171001,1,1,킹스맨: 골든 서클,2350671,2345909,2017-09-27,1687,40228,50834.1,OLD,18871610696,60.6,49163.1,20175222,2341147,27,18908661696,18834559696
201739,20170925~20171001,2,2,아이 캔 스피크,1649352,923023,2017-09-21,1075,31504,21.3,OLD,6900500654,22.2,30.9,20174142,217912,-1,12768712714,1212393994
201739,20170925~20171001,3,3,살인자의 기억법,2622858,149259,2017-09-06,629,10537,-65.3,OLD,1130153400,3.6,-63.6,20154909,-260462,-1,21109814192,-2131396277
201739,20170925~20171001,4,4,극장판 요괴워치: 하늘을 나는 고래와 더블세계다냥!,93109,91636,2017-09-27,485,2940,6007.7,OLD,677315800,2.2,6121.0,20172142,90163,43,688405300,666226300
201739,20170925~20171001,5,5,베이비 드라이버,801579,83417,2017-09-14,491,6488,-73.4,OLD,634327654,2.0,-71.8,20171090,-212689,-2,6533886214,-1750134659
201739,20170925~20171001,6,6,레고 닌자고 무비,75256,72339,2017-09-28,459,2497,2218.8,OLD,544001300,1.7,2379.9,20170364,69422,30,567461300,520541300
201739,20170925~20171001,7,7,킬러의 보디가드,1645640,48421,2017-08-30,190,2618,-60.9,OLD,329192600,1.1,-52.0,20171962,-52400,-2,13570198600,-512213200
201739,20170925~20171001,8,8,인비저블 게스트,81574,37114,2017-09-21,213,2104,-20.7,OLD,284774700,0.9,-13.5,20173945,-5774,-1,656899100,-74451700
201739,20170925~20171001,9,9,김광석,82945,25288,2017-08-30,129,1074,126.5,OLD,198558700,0.6,133.9,20166132,14478,7,654930100,110904500
201739,20170925~20171001,10,10,남한산성,19196,18949,2017-10-03,23,113,10445.2,OLD,156279800,0.5,7571.7,20165450,18702,79,157761800,154797800
201740,20171002~20171008,1,1,남한산성,2999059,2979863,2017-10-03,1229,32360,15609.9,OLD,24551449392,33.4,15625.7,20165450,2960914,9,24709211192,24395169592
201740,20171002~20171008,2,2,킹스맨: 골든 서클,4401028,2050357,2017-09-27,1661,31776,-6.9,OLD,17566813486,23.9,-12.6,20175222,-295552,-1,36475475182,-1304797210
201740,20171002~20171008,3,3,범죄도시,1807161,1776753,2017-10-03,1315,19895,22507.6,OLD,14845004292,20.2,22479.1,20172742,1768884,13,15102065892,14779340392
201740,20171002~20171008,4,4,아이 캔 스피크,2869602,1220250,2017-09-21,921,20122,41.4,OLD,9757812372,13.3,32.2,20174142,297227,-2,22526525086,2857311718
201740,20171002~20171008,5,5,넛잡 2,249939,245879,2017-10-03,506,4687,6766.8,OLD,1859949200,2.5,6731.9,20171817,242280,19,1890392200,1832863200
201740,20171002~20171008,6,6,딥,170363,167228,2017-10-03,441,3873,42478.2,OLD,1303744900,1.8,42343.7,20170964,166834,71,1329076400,1300682900
201740,20171002~20171008,7,7,극장판 요괴워치: 하늘을 나는 고래와 더블세계다냥!,192214,99105,2017-09-27,486,2448,6.7,OLD,722671700,1.0,8.2,20172142,7469,-3,1411077000,45355900
201740,20171002~20171008,8,8,레고 닌자고 무비,143354,68098,2017-09-28,453,1825,-9.1,OLD,494587500,0.7,-5.9,20170364,-4241,-2,1062048800,-49413800
201740,20171002~20171008,9,9,킬러의 보디가드,1709712,64072,2017-08-30,169,1334,15.2,OLD,379129200,0.5,32.3,20171962,15651,-2,13949327800,49936600
201740,20171002~20171008,10,10,리틀 프린세스 소피아 : 신비한 섬,50611,32828,2017-09-28,135,1265,90.2,OLD,231094500,0.3,89.4,20172627,15495,1,358013000,109576000
201741,20171009~20171015,1,1,범죄도시,3673466,1866305,2017-10-03,1266,32759,3.5,OLD,15363721181,48.1,5.0,20172742,89552,2,30465787073,518716889
201741,20171009~20171015,2,2,남한산성,3617655,618596,2017-10-03,1152,22685,-80.4,OLD,4814332700,15.1,-79.2,20165450,-2361267,-1,29523543892,-19737116692
201741,20171009~20171015,3,3,킹스맨: 골든 서클,4811060,410032,2017-09-27,793,15303,-80.4,OLD,3444914954,10.8,-80.0,20175222,-1640325,-1,39920390136,-14121898532
201741,20171009~20171015,4,4,아이 캔 스피크,3141186,271584,2017-09-21,717,11466,-78.6,OLD,2085070200,6.5,-77.7,20174142,-948666,0,24611595286,-7672742172
201741,20171009~20171015,5,5,희생부활자,241629,241629,2017-10-12,781,13280,100.0,NEW,1926691635,6.0,100.0,20154907,241629,0,1926691635,1926691635
201741,20171009~20171015,6,6,블레이드 러너 2049,224181,194445,2017-10-12,664,8334,568.7,OLD,1715148065,5.4,563.0,20168282,165115,6,1974867365,1458676765
201741,20171009~20171015,7,7,넛잡 2,356706,106767,2017-10-03,526,2936,-57.6,OLD,788837500,2.5,-56.6,20171817,-139112,-2,2679229700,-1071111700
201741,20171009~20171015,8,8,딥,218429,48066,2017-10-03,416,1669,-72.2,OLD,362436900,1.1,-71.3,20170964,-119162,-2,1691513300,-941308000
201741,20171009~20171015,9,9,"나는 내일, 어제의 너와 만난다",47874,47723,2017-10-12,206,1745,100.0,NEW,403015900,1.3,100.0,20176767,47723,0,404223900,403015900
201741,20171009~20171015,10,10,극장판 요괴워치: 하늘을 나는 고래와 더블세계다냥!,211374,19160,2017-09-27,198,583,-80.2,OLD,143123800,0.4,-80.7,20172142,-79945,-3,1554200800,-579547900
201742,20171016~20171022,1,1,범죄도시,4967192,1293726,2017-10-03,1074,31501,-31.2,OLD,10568796885,42.7,-30.7,20172742,-572579,0,41034583958,-4794924296
201742,20171016~20171022,2,2,지오스톰,694758,694758,2017-10-19,854,15596,100.0,NEW,5967322067,24.1,100.0,20173694,694758,0,5967322067,5967322067
201742,20171016~20171022,3,3,대장 김창수,260225,256181,2017-10-19,748,11716,7118.3,OLD,2006023215,8.1,8053.4,20164424,253039,16,2041030015,1978232415
201742,20171016~20171022,4,4,남한산성,3774679,157024,2017-10-03,674,10656,-75.7,OLD,1169014600,4.7,-74.6,20165450,-461572,-2,30692558492,-3645318100
201742,20171016~20171022,5,5,킹스맨: 골든 서클,4922079,111019,2017-09-27,514,7018,-74.3,OLD,886087300,3.6,-72.9,20175222,-299013,-2,40806477436,-2558827654
201742,20171016~20171022,6,6,아이 캔 스피크,3223300,82114,2017-09-21,498,5223,-71.8,OLD,587486500,2.4,-69.8,20174142,-189470,-2,25199081786,-1497583700
201742,20171016~20171022,7,7,블레이드 러너 2049,301404,77223,2017-10-12,572,6851,-63.2,OLD,631250100,2.6,-60.3,20168282,-117222,-1,2606117465,-1083897965
201742,20171016~20171022,8,8,희생부활자,317745,76116,2017-10-12,630,9361,-71.3,OLD,552679300,2.2,-68.5,20154907,-165513,-3,2479370935,-1374012335
201742,20171016~20171022,9,9,"나는 내일, 어제의 너와 만난다",120564,72690,2017-10-12,194,3247,44.6,OLD,582899700,2.4,52.3,20176767,24967,0,987123600,179883800
201742,20171016~20171022,10,10,노 게임 노 라이프 -제로-,42070,42070,2017-10-19,121,951,100.0,NEW,351090700,1.4,100.0,20173806,42070,0,351090700,351090700
201743,20171023~20171029,1,1,토르: 라그나로크,2214586,2214446,2017-10-25,1640,41094,2527389.9,OLD,17692429474,55.9,1581647.1,20175121,2214306,95,17693129474,17691729474
201743,20171023~20171029,2,2,범죄도시,5845057,877865,2017-10-03,914,23180,-34.6,OLD,6914578446,21.8,-32.1,20172742,-415861,-1,47949162404,-3654218439
201743,20171023~20171029,3,3,지오스톰,970974,276216,2017-10-19,774,15088,-64.8,OLD,2098378054,6.6,-60.2,20173694,-418542,-1,8065700121,-3868944013
201743,20171023~20171029,4,4,너의 췌장을 먹고 싶어,198963,198079,2017-10-25,218,4740,21232.5,OLD,1540631200,4.9,22307.1,20171024,197195,38,1547853200,1533409200
201743,20171023~20171029,5,5,대장 김창수,358428,98203,2017-10-19,635,7995,-65.7,OLD,687109100,2.2,-61.7,20164424,-157978,-2,2728139115,-1318914115
201743,20171023~20171029,6,6,남한산성,3826223,51544,2017-10-03,446,3518,-67.8,OLD,376171900,1.2,-67.2,20165450,-105480,-2,31068730392,-792842700
201743,20171023~20171029,7,7,"나는 내일, 어제의 너와 만난다",157991,37427,2017-10-12,137,2208,-57.6,OLD,247090500,0.8,-48.5,20176767,-35263,2,1234214100,-335809200
201743,20171023~20171029,8,8,아이 캔 스피크,3258260,34960,2017-09-21,249,1375,-65.2,OLD,204499600,0.6,-57.4,20174142,-47154,-2,25403581386,-382986900
201743,20171023~20171029,9,9,뷰티풀 투모로우,26830,26830,2017-10-26,47,363,100.0,NEW,238434400,0.8,100.0,20175208,26830,0,238434400,238434400
201743,20171023~20171029,10,10,노 게임 노 라이프 -제로-,62123,20053,2017-10-19,82,938,-53.9,OLD,161719300,0.5,-52.3,20173806,-22017,0,512810000,-189371400
201744,20171030~20171105,1,1,토르: 라그나로크,3571040,1356454,2017-10-25,1456,42452,-36.8,OLD,11175411057,40.2,-38.7,20175121,-857992,0,28868540531,-6517018417
201744,20171030~20171105,2,2,부라더,731562,712294,2017-11-02,889,15490,13884.0,OLD,5758785336,20.7,14693.2,20172603,707479,20,5913912136,5717604036
201744,20171030~20171105,3,3,범죄도시,6368998,523941,2017-10-03,728,17665,-38.9,OLD,4222330507,15.2,-40.3,20172742,-353924,-1,52171492911,-2692247939
201744,20171030~20171105,4,4,침묵,302647,300393,2017-11-02,634,10444,13420.8,OLD,2438073464,8.8,13227.1,20169643,298139,26,2456105464,2420041464
201744,20171030~20171105,5,5,너의 췌장을 먹고 싶어,345547,146584,2017-10-25,207,5103,-22.7,OLD,1191646500,4.3,-26.0,20171024,-51495,-1,2739499700,-348984700
201744,20171030~20171105,6,6,직쏘,76656,75984,2017-11-02,175,2837,12418.4,OLD,672990700,2.4,11207.1,20173724,75312,49,678366700,667614700
201744,20171030~20171105,7,7,지오스톰,1025322,54348,2017-10-19,483,4461,-81.2,OLD,395035493,1.4,-80.3,20173694,-221868,-4,8460735614,-1703342561
201744,20171030~20171105,8,8,원스,255422,21826,2007-09-20,147,1642,624.7,OLD,176816500,0.6,535.6,20070454,18392,18,1765644200,152417800
201744,20171030~20171105,9,9,대장 김창수,377071,18643,2017-10-19,338,1862,-82.0,OLD,123753000,0.4,-81.0,20164424,-79560,-4,2851892115,-563356100
201744,20171030~20171105,10,10,뷰티풀 투모로우,43715,16885,2017-10-26,37,508,-39.5,OLD,144339500,0.5,-37.1,20175208,-9945,-1,382773900,-94094900
201745,20171106~20171112,1,1,토르: 라그나로크,4282962,711922,2017-10-25,962,26101,-47.5,OLD,5862524300,25.5,-47.5,20175121,-644532,0,34731064831,-5312886757
201745,20171106~20171112,2,2,부라더,1282366,550804,2017-11-02,831,23809,-25.0,OLD,4317575562,18.8,-22.7,20172603,-161490,0,10231487698,-1441209774
201745,20171106~20171112,3,3,해피 데스데이,506745,506375,2017-11-08,714,12629,259227.8,OLD,4149245398,18.0,253087.5,20174622,506175,99,4152205398,4147645398
201745,20171106~20171112,4,4,범죄도시,6677290,308292,2017-10-03,564,12355,-40.2,OLD,2524485738,11.0,-41.2,20172742,-215649,-1,54695978649,-1697844769
201745,20171106~20171112,5,5,미옥,192988,192963,2017-11-09,635,11760,1250337.7,OLD,1563047164,6.8,771752.0,20161681,192938,232,1563172164,1562922164
201745,20171106~20171112,6,6,침묵,468934,166287,2017-11-02,601,10325,-47.2,OLD,1288304600,5.6,-44.6,20169643,-134106,-2,3744410064,-1149768864
201745,20171106~20171112,7,7,채비,74888,71801,2017-11-09,469,4402,3779.6,OLD,544697964,2.4,3947.4,20175441,70027,30,567871964,530657964
201745,20171106~20171112,8,8,너의 췌장을 먹고 싶어,411141,65594,2017-10-25,178,3199,-54.6,OLD,541209600,2.4,-55.3,20171024,-80990,-3,3280709300,-650436900
201745,20171106~20171112,9,9,러빙 빈센트,50654,49059,2017-11-09,271,1814,3672.6,OLD,405340300,1.8,4303.9,20179942,47945,36,420340500,394596100
201745,20171106~20171112,10,10,극장판 파워레인저: 애니멀포스 VS 닌자포스 미래에서 온 메시지 ,40711,38162,2017-11-09,370,1781,1136.5,OLD,289557600,1.3,1397.1,20175244,35613,19,312975600,266139600
201746,20171113~20171119,1,1,저스티스 리그,1141912,1141912,2017-11-15,1308,31791,100.0,NEW,9586705849,39.9,100.0,20168221,1141912,0,9586705849,9586705849
201746,20171113~20171119,2,2,해피 데스데이,1037889,531144,2017-11-08,691,17666,1.3,OLD,4201440801,17.5,4.9,20174622,24769,1,8353646199,52195403
201746,20171113~20171119,3,3,토르: 라그나로크,4592392,309430,2017-10-25,764,14164,-58.0,OLD,2464812414,10.3,-56.5,20175121,-402492,-2,37195877245,-3397711886
201746,20171113~20171119,4,4,7호실,271107,270102,2017-11-15,629,13074,26145.1,OLD,2101706437,8.7,26775.8,20168754,269097,42,2109714437,2093698437
201746,20171113~20171119,5,5,부라더,1452367,170001,2017-11-02,657,11420,-70.4,OLD,1277411700,5.3,-69.1,20172603,-380803,-3,11508899398,-3040163862
201746,20171113~20171119,6,6,범죄도시,6812275,134985,2017-10-03,524,6974,-57.0,OLD,1086200400,4.5,-56.2,20172742,-173307,-2,55782179049,-1438285338
201746,20171113~20171119,7,7,러빙 빈센트,121761,71107,2017-11-09,272,2601,38.5,OLD,561364000,2.3,44.9,20179942,22048,2,981704500,156023700
201746,20171113~20171119,8,8,채비,130504,55616,2017-11-09,480,3466,-28.5,OLD,389663800,1.6,-22.5,20175441,-16185,-1,957535764,-155034164
201746,20171113~20171119,9,9,미옥,236142,43154,2017-11-09,531,5854,-79.7,OLD,317892500,1.3,-77.6,20161681,-149809,-4,1881064664,-1245154664
201746,20171113~20171119,10,10,너의 췌장을 먹고 싶어,443834,32693,2017-10-25,163,1978,-52.4,OLD,257832700,1.1,-50.2,20171024,-32901,-2,3538542000,-283376900
201747,20171120~20171126,1,1,꾼,1689144,1655893,2017-11-22,1314,33925,4975.4,OLD,13201295348,54.8,5365.0,20165748,1625593,10,13485006848,12941191848
201747,20171120~20171126,2,2,저스티스 리그,1621369,479457,2017-11-15,1174,28043,-60.3,OLD,3810399346,15.8,-58.0,20168221,-662455,-1,13397105195,-5776306503
201747,20171120~20171126,3,3,해피 데스데이,1305727,267838,2017-11-08,582,14549,-50.4,OLD,2084610956,8.6,-49.6,20174622,-263306,-1,10438257155,-2116829845
201747,20171120~20171126,4,4,토르: 라그나로크,4752676,160284,2017-10-25,495,8061,-49.0,OLD,1257766150,5.2,-48.2,20175121,-149146,-1,38453643395,-1207046264
201747,20171120~20171126,5,5,러빙 빈센트,201311,79550,2017-11-09,202,2715,14.0,OLD,639965900,2.7,11.9,20179942,8443,2,1621670400,78601900
201747,20171120~20171126,6,6,7호실,334220,63113,2017-11-15,480,7478,-77.5,OLD,472202202,2.0,-76.6,20168754,-206989,-2,2581916639,-1629504235
201747,20171120~20171126,7,7,범죄도시,6861913,49638,2017-10-03,369,3438,-63.4,OLD,397635800,1.7,-63.2,20172742,-85347,-1,56179814849,-688564600
201747,20171120~20171126,8,8,부라더,1485834,33467,2017-11-02,487,3482,-81.8,OLD,232548900,1.0,-80.3,20172603,-136534,-3,11741448298,-1044862800
201747,20171120~20171126,9,9,래빗 스쿨,34022,33322,2017-11-23,314,1241,4307.4,OLD,246814600,1.0,4660.3,20175223,32622,54,252414600,241214600
201747,20171120~20171126,10,10,채비,156825,26321,2017-11-09,187,1411,-54.4,OLD,177496400,0.7,-52.7,20175441,-29295,-2,1135032164,-212167400
201748,20171127~20171203,1,1,꾼,2995981,1306837,2017-11-22,1275,37441,-24.8,OLD,9921075047,40.1,-21.1,20165748,-349056,0,23406081895,-3280220301
201748,20171127~20171203,2,2,기억의 밤,569748,566597,2017-11-29,751,16913,33592.5,OLD,4339598825,17.5,27715.3,20173581,564560,31,4358262825,4326718825
201748,20171127~20171203,3,3,오리엔트 특급 살인,488861,487760,2017-11-29,707,14549,49040.5,OLD,3762685928,15.2,55644.0,20178581,486885,50,3771924928,3755028928
201748,20171127~20171203,4,4,반드시 잡는다,276473,270275,2017-11-29,565,12099,4072.9,OLD,2036292572,8.2,4562.3,20161762,264478,14,2087496572,1987494572
201748,20171127~20171203,5,5,저스티스 리그,1754580,133211,2017-11-15,676,10104,-73.9,OLD,994079100,4.0,-72.2,20168221,-346246,-3,14391184295,-2816320246
201748,20171127~20171203,6,6,러빙 빈센트,275634,74323,2017-11-09,210,2917,-10.4,OLD,573398600,2.3,-6.6,20179942,-5227,-1,2195069000,-66567300
201748,20171127~20171203,7,7,이프 온리,932780,73150,2004-10-29,168,3215,31442.8,OLD,578179600,2.3,37221.4,20040695,72954,114,6101058600,576346600
201748,20171127~20171203,8,8,토르: 라그나로크,4823188,70512,2017-10-25,428,3680,-57.4,OLD,536072600,2.2,-56.0,20175121,-89772,-4,38989715995,-721693550
201748,20171127~20171203,9,9,해피 데스데이,1372121,66394,2017-11-08,488,5879,-76.5,OLD,489641447,2.0,-75.2,20174622,-201444,-6,10927898602,-1594969509
201748,20171127~20171203,10,10,래빗 스쿨,50578,16556,2017-11-23,159,830,-51.2,OLD,120543900,0.5,-50.3,20175223,-16766,-1,372958500,-126270700
201749,20171204~20171210,1,1,꾼,3722444,726463,2017-11-22,974,28424,-42.5,OLD,5705004500,26.0,-44.4,20165748,-580374,0,29111086395,-4216070547
201749,20171204~20171210,2,2,기억의 밤,1105601,535853,2017-11-29,759,21204,-3.5,OLD,4187894135,19.1,-5.4,20173581,-30744,0,8546156960,-151704690
201749,20171204~20171210,3,3,뽀로로 극장판 공룡섬 대모험,324234,320299,2017-12-07,803,5417,9830.0,OLD,2452903800,11.2,10971.5,20174846,317406,24,2485245800,2428201800
201749,20171204~20171210,4,4,메리와 마녀의 꽃,309989,309742,2017-12-07,751,9868,122568.4,OLD,2423927139,11.0,125301.6,20174585,309495,94,2425903139,2421951139
201749,20171204~20171210,5,5,오리엔트 특급 살인,771796,282935,2017-11-29,659,14700,-41.8,OLD,2191442635,10.0,-42.0,20178581,-204825,-2,5963367563,-1571243293
201749,20171204~20171210,6,6,어쌔신: 더 비기닝,152787,150464,2017-12-07,528,7714,6272.1,OLD,1199292565,5.5,6377.1,20173693,148141,25,1218113565,1180471565
201749,20171204~20171210,7,7,반드시 잡는다,413534,137061,2017-11-29,551,9763,-50.2,OLD,1014405100,4.6,-49.3,20161762,-133214,-3,3101901672,-1021887472
201749,20171204~20171210,8,8,이프 온리,986996,54216,2004-10-29,158,3258,-24.1,OLD,439070900,2.0,-25.9,20040695,-18934,-1,6540129500,-139108700
201749,20171204~20171210,9,9,러빙 빈센트,325276,49642,2017-11-09,199,2259,-32.0,OLD,389984261,1.8,-33.2,20179942,-24681,-3,2585053261,-183414339
201749,20171204~20171210,10,10,라라랜드,3552080,39389,2016-12-07,247,1295,21052.8,OLD,337810761,1.5,23486.2,20167904,39222,114,29674198694,336213761
201750,20171211~20171217,1,1,강철비,1645144,1643493,2017-12-14,1426,23048,770347.3,OLD,13321033016,45.4,665281.8,20170402,1643246,99,13334426016,13319304016
201750,20171211~20171217,2,2,스타워즈: 라스트 제다이,639047,638530,2017-12-14,1107,17040,140456.7,OLD,5636322286,19.2,123406.8,20170443,638013,64,5640332286,5632312286
201750,20171211~20171217,3,3,꾼,3992574,270130,2017-11-22,857,15051,-64.6,OLD,2019190100,6.9,-62.8,20165748,-456333,-2,31130276495,-3685814400
201750,20171211~20171217,4,4,기억의 밤,1353559,247958,2017-11-29,718,12249,-55.6,OLD,1860348300,6.3,-53.7,20173581,-287895,-2,10406505260,-2327545835
201750,20171211~20171217,5,5,뽀로로 극장판 공룡섬 대모험,558151,233917,2017-12-07,661,7483,-28.4,OLD,1755829200,6.0,-27.0,20174846,-86382,-2,4241075000,-697074600
201750,20171211~20171217,6,6,메리와 마녀의 꽃,493433,183444,2017-12-07,615,9366,-44.6,OLD,1343844500,4.6,-40.8,20174585,-126298,-2,3769747639,-1080082639
201750,20171211~20171217,7,7,오리엔트 특급 살인,855662,83866,2017-11-29,529,5312,-72.0,OLD,614409300,2.1,-70.4,20178581,-199069,-2,6577776863,-1577033335
201750,20171211~20171217,8,8,어쌔신: 더 비기닝,200817,48030,2017-12-07,479,5411,-71.9,OLD,336675035,1.1,-68.1,20173693,-102434,-2,1554788600,-862617530
201750,20171211~20171217,9,9,극장판 숲의 요정 페어리루 ~크리스마스의 기적: 마법의 날개~,40142,39292,2017-12-14,207,1180,4402.8,OLD,304750900,1.0,4522.6,20176367,38442,43,311518900,297982900
201750,20171211~20171217,10,10,반드시 잡는다,445609,32075,2017-11-29,393,2569,-78.5,OLD,218240100,0.7,-76.6,20161762,-104986,-3,3320141772,-796165000
201751,20171218~20171224,1,1,신과함께-죄와 벌,3558752,3548280,2017-12-20,1887,38479,34801.4,OLD,28688355269,55.7,33783.5,20150976,3537808,16,28770553469,28606157069
201751,20171218~20171224,2,2,강철비,3156864,1511720,2017-12-14,1390,29547,-10.6,OLD,11906061606,23.1,-8.0,20170402,-131773,-1,25240487622,-1414971410
201751,20171218~20171224,3,3,위대한 쇼맨,392425,390004,2017-12-20,702,12157,15040.6,OLD,3230555331,6.3,16009.2,20179462,387583,27,3251892331,3209218331
201751,20171218~20171224,4,4,스타워즈: 라스트 제다이,874267,235220,2017-12-14,974,12228,-61.9,OLD,2146108475,4.2,-63.2,20170443,-403310,-2,7786440761,-3490213811
201751,20171218~20171224,5,5,극장판 포켓몬스터 너로 정했다!,189774,188603,2017-12-21,626,3379,14134.9,OLD,1420647300,2.8,16006.1,20174965,187432,40,1430627300,1410667300
201751,20171218~20171224,6,6,몬스터 패밀리,151697,147870,2017-12-21,583,2926,6559.1,OLD,1093958500,2.1,7989.2,20176082,146042,29,1126169500,1077530500
201751,20171218~20171224,7,7,뽀로로 극장판 공룡섬 대모험,660194,102043,2017-12-07,466,3345,-57.3,OLD,750028600,1.5,-56.4,20174846,-131874,-2,4991103600,-1005800600
201751,20171218~20171224,8,8,메리와 마녀의 꽃,527015,33582,2017-12-07,404,1935,-82.5,OLD,235233900,0.5,-81.7,20174585,-149862,-2,4004981539,-1108610600
201751,20171218~20171224,9,9,기억의 밤,1385195,31636,2017-11-29,474,2360,-87.6,OLD,230894400,0.4,-87.2,20173581,-216322,-5,10637399660,-1629453900
201751,20171218~20171224,10,10,더 크리스마스,31468,30958,2017-12-21,158,730,5823.8,OLD,227355900,0.4,5970.2,20176022,30448,55,231193900,223517900
201752,20171225~20171231,1,1,신과함께-죄와 벌,8539530,4980778,2017-12-20,1912,52781,38.0,OLD,39580227963,55.2,40.4,20150976,1432498,0,68350781432,10891872694
201752,20171225~20171231,2,2,1987,1942083,1913920,2017-12-27,1299,27490,7387.1,OLD,15014159037,21.0,8132.3,20170590,1890671,10,15254056037,14813626037
201752,20171225~20171231,3,3,강철비,4014301,857437,2017-12-14,909,14158,-43.3,OLD,6754460944,9.4,-43.3,20170402,-654283,-1,31994948566,-5151600662
201752,20171225~20171231,4,4,위대한 쇼맨,815055,422630,2017-12-20,658,8140,5.5,OLD,3409088869,4.8,8.4,20179462,32626,-1,6660981200,178533538
201752,20171225~20171231,5,5,극장판 포켓몬스터 너로 정했다!,415253,225479,2017-12-21,614,4412,18.7,OLD,1686888400,2.4,19.6,20174965,36876,0,3117515700,266241100
201752,20171225~20171231,6,6,몬스터 패밀리,341630,189933,2017-12-21,617,3688,28.4,OLD,1405103200,2.0,28.4,20176082,42063,0,2531272700,311144700
201752,20171225~20171231,7,7,뽀로로 극장판 공룡섬 대모험,773748,113554,2017-12-07,389,1963,14.4,OLD,857831000,1.2,11.3,20174846,11511,0,5848934600,107802400
201752,20171225~20171231,8,8,원더,81680,78694,2017-12-27,178,2810,4221.6,OLD,608224700,0.8,4499.3,20176947,76983,25,632389700,594150700
201752,20171225~20171231,9,9,스타워즈: 라스트 제다이,946547,72280,2017-12-14,398,1644,-65.1,OLD,749445300,1.0,-69.3,20170443,-162940,-5,8535886061,-1396663175
201752,20171225~20171231,10,10,극장판 프리파라 모두의 동경♪ 렛츠고☆프리파리,36450,31562,2017-12-28,191,1118,545.5,OLD,242311100,0.3,545.7,20177479,26674,13,279848900,204773300
201801,20180101~20180107,1,1,신과함께-죄와 벌,11502422,2962892,2017-12-20,1644,42723,-38.8,OLD,24221787905,40.7,-40.5,20150976,-2017886,0,92572569337,-15358440058
201801,20180101~20180107,2,2,1987,4089397,2147314,2017-12-27,1097,32523,17.2,OLD,17594228895,29.6,12.2,20170590,233394,0,32848284932,2580069858
201801,20180101~20180107,3,3,쥬만지: 새로운 세계,894556,891982,2018-01-03,791,15775,58682.6,OLD,7321375650,12.3,59604.3,20171909,890488,31,7342470650,7308920650
201801,20180101~20180107,4,4,페르디난드,355781,354123,2018-01-03,698,6439,146065.0,OLD,2613430300,4.4,118733.2,20177104,353825,60,2625680300,2611642300
201801,20180101~20180107,5,5,강철비,4350754,336453,2017-12-14,602,8281,-59.9,OLD,2710627900,4.6,-60.8,20170402,-520984,-2,34705576466,-4043833044
201801,20180101~20180107,6,6,위대한 쇼맨,1072365,257310,2017-12-20,444,5713,-37.5,OLD,2130132400,3.6,-39.1,20179462,-165320,-2,8791113600,-1278956469
201801,20180101~20180107,7,7,극장판 포켓몬스터 너로 정했다!,498528,83275,2017-12-21,417,1991,-63.3,OLD,618265800,1.0,-63.1,20174965,-142204,-2,3735781500,-1068622600
201801,20180101~20180107,8,8,원더,147685,66005,2017-12-27,183,2247,-12.8,OLD,530596545,0.9,-16.1,20176947,-12689,0,1162986245,-77628155
201801,20180101~20180107,9,9,몬스터 패밀리,394168,52538,2017-12-21,342,1332,-72.5,OLD,386190500,0.6,-72.3,20176082,-137395,-3,2917463200,-1018912700
201801,20180101~20180107,10,10,뽀로로 극장판 공룡섬 대모험,812679,38931,2017-12-07,195,1031,-66.0,OLD,291952700,0.5,-65.7,20174846,-74623,-3,6140887300,-565878300
201802,20180108~20180114,1,1,1987,5787078,1697681,2017-12-27,1122,30795,-21.6,OLD,13798532013,33.2,-20.9,20170590,-449633,1,46646816945,-3795696882
201802,20180108~20180114,2,2,신과함께-죄와 벌,12844254,1341832,2017-12-20,1182,29884,-55.8,OLD,10715316400,25.8,-54.7,20150976,-1621060,-1,103287885737,-13506471505
201802,20180108~20180114,3,3,코코,849992,843795,2018-01-11,1177,14907,25359.4,OLD,6941748696,16.7,27119.2,20179985,840695,18,7006824696,6914482696
201802,20180108~20180114,4,4,쥬만지: 새로운 세계,1519014,624458,2018-01-03,736,17258,-31.6,OLD,5010639491,12.1,-30.0,20171909,-267524,-1,12353110141,-2310736159
201802,20180108~20180114,5,5,페르디난드,496015,140234,2018-01-03,568,5535,-62.4,OLD,983446600,2.4,-60.4,20177104,-213889,-1,3609126900,-1629983700
201802,20180108~20180114,6,6,위대한 쇼맨,1211955,139590,2017-12-20,377,4057,-46.1,OLD,1147426300,2.8,-45.8,20179462,-117720,0,9938539900,-982706100
201802,20180108~20180114,7,7,다운사이징,125433,125047,2018-01-11,511,5554,44176.9,OLD,1044050204,2.5,47627.9,20173547,124785,56,1047400204,1041692204
201802,20180108~20180114,8,8,강철비,4436257,85503,2017-12-14,454,4028,-75.5,OLD,665143200,1.6,-74.6,20170402,-250950,-3,35370719666,-2045484700
201802,20180108~20180114,9,9,원더,179828,32143,2017-12-27,149,1524,-51.5,OLD,257383800,0.6,-51.3,20176947,-33862,-1,1420370045,-273212745
201802,20180108~20180114,10,10,"쏘아올린 불꽃, 밑에서 볼까? 옆에서 볼까?",22051,21833,2018-01-11,390,2629,9668.0,OLD,170354400,0.4,9915.1,20177602,21615,58,172098400,168610400
201803,20180115~20180121,1,1,메이즈 러너: 데스 큐어,1265995,1262269,2018-01-17,1090,21097,25733.3,OLD,10541372563,25.5,33777.3,20175054,1258543,19,10582177863,10500567263
201803,20180115~20180121,2,2,코코,1803049,953057,2018-01-11,1009,18966,6.5,OLD,7391428137,17.8,12.9,20179985,109262,1,14398252833,449679441
201803,20180115~20180121,3,3,그것만이 내 세상,911370,898369,2018-01-17,861,17397,8191.8,OLD,7378496690,17.8,8263.1,20176104,887627,8,7487649690,7289511690
201803,20180115~20180121,4,4,1987,6668419,881341,2017-12-27,1042,22423,-48.6,OLD,7093843800,17.1,-48.1,20170590,-816340,-3,53740660745,-6704688213
201803,20180115~20180121,5,5,신과함께-죄와 벌,13542342,698088,2017-12-20,948,17570,-48.5,OLD,5513274900,13.3,-48.0,20150976,-643744,-3,108801160637,-5202041500
201803,20180115~20180121,6,6,쥬만지: 새로운 세계,1684677,165663,2018-01-03,632,7163,-74.4,OLD,1283683723,3.1,-73.5,20171909,-458795,-2,13636793864,-3726955768
201803,20180115~20180121,7,7,위대한 쇼맨,1280953,68998,2017-12-20,237,1821,-50.8,OLD,564591500,1.4,-50.6,20179462,-70592,-1,10503131400,-582834800
201803,20180115~20180121,8,8,페르디난드,523260,27245,2018-01-03,318,1306,-81.9,OLD,178083400,0.4,-80.6,20177104,-112989,-3,3787210300,-805363200
201803,20180115~20180121,9,9,원더,204774,24946,2017-12-27,95,962,-28.6,OLD,183718000,0.4,-22.4,20176947,-7197,0,1604088045,-73665800
201803,20180115~20180121,10,10,다운사이징,148821,23388,2018-01-11,451,2610,-82.9,OLD,178670900,0.4,-81.3,20173547,-101659,-3,1226071104,-865379304
